Id,Date,TotalSteps,TotalDistancePerDay,LoggedActivitiesDistance,VeryActiveDistance,ModeratelyActiveDistance,LightActiveDistance,SedentaryActiveDistance,VeryActiveMinutes,FairlyActiveMinutes,LightlyActiveMinutes,SedentaryMinutes,Calories
1503960366,2016-04-12,13162,8.50,0.00,1.88,0.55,6.06,0.00,25.00,13.00,328.00,728,1985
1624580081,2016-04-12,8163,5.31,0.00,0.00,0.00,5.31,0.00,0.00,0.00,146.00,1294,1432
1644430081,2016-04-12,10694,7.77,0.00,0.14,2.30,5.33,0.00,2.00,51.00,256.00,1131,3199
1844505072,2016-04-12,6697,4.43,0.00,0.00,0.00,4.43,0.00,0.00,0.00,339.00,1101,2030
1927972279,2016-04-12,678,0.47,0.00,0.00,0.00,0.47,0.00,0.00,0.00,55.00,734,2220
2022484408,2016-04-12,11875,8.34,0.00,3.31,0.77,4.26,0.00,42.00,14.00,227.00,1157,2390
2026352035,2016-04-12,4414,2.74,0.00,0.19,0.35,2.20,0.00,3.00,8.00,181.00,706,1459
2320127002,2016-04-12,10725,7.49,0.00,1.17,0.31,6.01,0.00,13.00,9.00,306.00,1112,2124
2347167796,2016-04-12,10113,6.83,0.00,2.00,0.62,4.20,0.00,28.00,13.00,320.00,964,2344
2873212765,2016-04-12,8796,5.91,0.00,0.11,0.93,4.88,0.00,2.00,21.00,356.00,1061,1982
3372868164,2016-04-12,4747,3.24,0.00,0.00,0.00,3.23,0.01,0.00,0.00,280.00,1160,1788
3977333714,2016-04-12,8856,5.98,0.00,3.06,0.91,2.01,0.00,44.00,19.00,131.00,777,1450
4020332650,2016-04-12,8539,6.12,0.00,0.15,0.24,5.68,0.00,4.00,15.00,331.00,712,3654
4057192912,2016-04-12,5394,4.03,0.00,0.00,0.00,3.94,0.00,0.00,0.00,164.00,1276,2286
4319703577,2016-04-12,7753,5.20,0.00,0.00,0.00,0.00,0.00,0.00,0.00,0.00,1440,2115
4388161847,2016-04-12,10122,7.78,0.00,0.00,0.00,0.00,0.00,0.00,0.00,0.00,1440,2955
4445114986,2016-04-12,3276,2.20,0.00,0.00,0.00,2.20,0.00,0.00,0.00,196.00,787,2113
4558609924,2016-04-12,5135,3.39,0.00,0.00,0.00,3.39,0.00,0.00,0.00,318.00,1122,1909
4702921684,2016-04-12,7213,5.88,0.00,0.00,0.00,5.85,0.00,0.00,0.00,263.00,718,2947
5553957443,2016-04-12,11596,7.57,0.00,1.37,0.79,5.41,0.00,19.00,13.00,277.00,767,2026
5577150313,2016-04-12,8135,6.08,0.00,3.60,0.38,2.10,0.00,86.00,16.00,140.00,728,3405
6117666160,2016-04-12,0,0.00,0.00,0.00,0.00,0.00,0.00,0.00,0.00,0.00,1440,1496
6290855005,2016-04-12,4562,3.45,0.00,0.00,0.00,3.45,0.00,0.00,0.00,199.00,1241,2560
6775888955,2016-04-12,0,0.00,0.00,0.00,0.00,0.00,0.00,0.00,0.00,0.00,1440,1841
6962181067,2016-04-12,10199,6.74,0.00,3.40,0.83,2.51,0.00,50.00,14.00,189.00,796,1994
7007744171,2016-04-12,14172,10.29,4.87,4.50,0.38,5.41,0.00,53.00,8.00,355.00,1024,2937
7086361926,2016-04-12,11317,8.41,0.00,5.27,0.15,2.97,0.00,59.00,6.00,153.00,745,2772
8053475328,2016-04-12,18060,14.12,0.00,11.64,0.39,2.10,0.00,116.00,8.00,123.00,1193,3186
8253242879,2016-04-12,9033,7.16,0.00,5.43,0.14,1.59,0.00,40.00,2.00,154.00,1244,2044
8378563200,2016-04-12,7626,6.05,2.25,0.83,0.71,4.50,0.00,65.00,15.00,156.00,723,3635
8583815059,2016-04-12,5014,3.91,0.00,0.00,0.33,3.58,0.00,0.00,7.00,196.00,1237,2650
8792009665,2016-04-12,2564,1.64,0.00,0.00,0.00,1.64,0.00,0.00,0.00,116.00,831,2044
8877689391,2016-04-12,23186,20.40,0.00,12.22,0.34,7.82,0.00,85.00,7.00,312.00,1036,3921
1503960366,2016-04-13,10735,6.97,0.00,1.57,0.69,4.71,0.00,21.00,19.00,217.00,776,1797
1624580081,2016-04-13,7007,4.55,0.00,0.00,0.00,4.55,0.00,0.00,0.00,148.00,1292,1411
1644430081,2016-04-13,8001,5.82,0.00,2.28,0.90,2.64,0.00,30.00,16.00,135.00,1259,2902
1844505072,2016-04-13,4929,3.26,0.00,0.00,0.00,3.26,0.00,0.00,0.00,248.00,1192,1860
1927972279,2016-04-13,356,0.25,0.00,0.00,0.00,0.25,0.00,0.00,0.00,32.00,986,2151
2022484408,2016-04-13,12024,8.50,0.00,2.99,0.10,5.41,0.00,43.00,5.00,292.00,1100,2601
2026352035,2016-04-13,4993,3.10,0.00,0.00,0.00,3.10,0.00,0.00,0.00,238.00,663,1521
2320127002,2016-04-13,7275,4.90,0.00,0.00,0.00,4.90,0.00,0.00,0.00,335.00,1105,2003
2347167796,2016-04-13,10352,7.01,0.00,1.66,1.94,3.41,0.00,19.00,32.00,195.00,676,2038
2873212765,2016-04-13,7618,5.12,0.00,0.00,0.22,4.88,0.02,0.00,8.00,404.00,1028,2004
3372868164,2016-04-13,9715,6.63,0.00,0.99,0.34,5.27,0.02,16.00,8.00,371.00,1045,2093
3977333714,2016-04-13,10035,6.71,0.00,2.03,2.13,2.55,0.00,31.00,46.00,153.00,754,1495
4020332650,2016-04-13,0,0.00,0.00,0.00,0.00,0.00,0.00,0.00,0.00,0.00,1440,1981
4057192912,2016-04-13,5974,4.47,0.00,0.00,0.00,4.37,0.00,0.00,0.00,160.00,1280,2306
4319703577,2016-04-13,8204,5.50,0.00,0.53,0.59,1.31,0.00,8.00,15.00,96.00,1234,2135
4388161847,2016-04-13,10993,8.45,0.00,0.06,0.63,3.88,0.00,1.00,14.00,150.00,1275,3092
4445114986,2016-04-13,2961,1.99,0.00,0.00,0.00,1.99,0.00,0.00,0.00,194.00,840,2095
4558609924,2016-04-13,4978,3.29,0.00,1.24,0.44,1.61,0.00,19.00,7.00,127.00,1287,1722
4702921684,2016-04-13,6877,5.58,0.00,0.00,0.00,5.58,0.00,0.00,0.00,258.00,777,2898
5553957443,2016-04-13,4832,3.16,0.00,0.00,0.00,3.16,0.00,0.00,0.00,226.00,647,1718
5577150313,2016-04-13,5077,3.79,0.00,0.32,0.22,3.25,0.00,15.00,11.00,144.00,776,2551
6117666160,2016-04-13,0,0.00,0.00,0.00,0.00,0.00,0.00,0.00,0.00,0.00,1440,1496
6290855005,2016-04-13,7142,5.40,0.00,0.00,0.00,5.39,0.01,0.00,0.00,350.00,1090,2905
6775888955,2016-04-13,4053,2.91,0.00,1.11,0.58,1.22,0.00,17.00,18.00,85.00,1053,2400
6962181067,2016-04-13,5652,3.74,0.00,0.57,1.21,1.96,0.00,8.00,24.00,142.00,548,1718
7007744171,2016-04-13,12862,9.65,4.85,4.61,0.56,4.48,0.00,56.00,22.00,261.00,1101,2742
7086361926,2016-04-13,5813,3.62,0.00,0.56,0.21,2.84,0.00,31.00,26.00,155.00,744,2516
8053475328,2016-04-13,16433,13.35,0.00,10.43,0.47,2.45,0.00,95.00,12.00,156.00,1177,3140
8253242879,2016-04-13,8053,6.10,0.00,4.17,0.63,1.31,0.00,35.00,11.00,96.00,1298,1935
8378563200,2016-04-13,12386,9.82,2.09,4.96,0.65,4.21,0.00,116.00,14.00,169.00,680,4079
8583815059,2016-04-13,5571,4.35,0.00,0.15,0.97,3.23,0.00,2.00,23.00,163.00,1252,2654
8792009665,2016-04-13,1320,0.84,0.00,0.00,0.00,0.84,0.00,0.00,0.00,82.00,806,1934
8877689391,2016-04-13,15337,9.58,0.00,3.55,0.38,5.64,0.00,108.00,18.00,216.00,1098,3566
1503960366,2016-04-14,10460,6.74,0.00,2.44,0.40,3.91,0.00,30.00,11.00,181.00,1218,1776
1624580081,2016-04-14,9107,5.92,0.00,0.00,0.00,5.91,0.01,0.00,0.00,236.00,1204,1572
1644430081,2016-04-14,11037,8.02,0.00,0.36,2.56,5.10,0.00,5.00,58.00,252.00,1125,3226
1844505072,2016-04-14,7937,5.25,0.00,0.00,0.00,5.23,0.00,0.00,0.00,373.00,843,2130
1927972279,2016-04-14,2163,1.50,0.00,0.00,0.40,1.10,0.00,0.00,9.00,88.00,1292,2383
2022484408,2016-04-14,10690,7.50,0.00,2.48,0.21,4.82,0.00,32.00,3.00,257.00,1148,2312
2026352035,2016-04-14,3335,2.07,0.00,0.00,0.00,2.05,0.00,0.00,0.00,197.00,653,1431
2320127002,2016-04-14,3973,2.68,0.00,0.00,0.00,2.68,0.00,0.00,0.00,191.00,1249,1696
2347167796,2016-04-14,10129,6.70,0.00,0.02,2.74,3.94,0.00,1.00,48.00,206.00,705,2010
2873212765,2016-04-14,7910,5.32,0.00,0.00,0.00,5.32,0.00,0.00,0.00,331.00,1109,1893
3372868164,2016-04-14,8844,6.03,0.00,0.34,1.03,4.65,0.01,6.00,25.00,370.00,1039,2065
3977333714,2016-04-14,7641,5.11,0.00,0.32,0.97,3.82,0.00,5.00,23.00,214.00,801,1433
4020332650,2016-04-14,108,0.08,0.00,0.00,0.00,0.03,0.00,0.00,0.00,3.00,1437,2011
4057192912,2016-04-14,0,0.00,0.00,0.00,0.00,0.00,0.00,0.00,0.00,0.00,1440,1776
4319703577,2016-04-14,10210,6.88,0.00,0.11,0.33,6.44,0.00,1.00,9.00,339.00,589,2302
4388161847,2016-04-14,8863,6.82,0.00,0.13,1.07,5.62,0.00,10.00,35.00,219.00,945,2998
4445114986,2016-04-14,3974,2.67,0.00,0.00,0.00,2.67,0.00,0.00,0.00,231.00,717,2194
4558609924,2016-04-14,6799,4.49,0.00,0.00,0.00,4.49,0.00,0.00,0.00,279.00,1161,1922
4702921684,2016-04-14,7860,6.37,0.00,0.00,0.00,6.37,0.00,0.00,0.00,271.00,772,2984
5553957443,2016-04-14,17022,11.12,0.00,4.00,2.45,4.67,0.00,61.00,41.00,256.00,693,2324
5577150313,2016-04-14,8596,6.42,0.00,3.33,0.31,2.78,0.00,118.00,30.00,176.00,662,4022
6117666160,2016-04-14,0,0.00,0.00,0.00,0.00,0.00,0.00,0.00,0.00,0.00,1440,1496
6290855005,2016-04-14,7671,5.80,0.00,0.00,0.00,5.77,0.03,0.00,0.00,363.00,1077,2952
6775888955,2016-04-14,5162,3.70,0.00,0.87,0.86,1.97,0.00,14.00,24.00,105.00,863,2507
6962181067,2016-04-14,1551,1.03,0.00,0.00,0.00,1.03,0.00,0.00,0.00,86.00,862,1466
7007744171,2016-04-14,11179,8.24,3.29,2.95,0.34,4.96,0.00,34.00,6.00,304.00,1096,2668
7086361926,2016-04-14,9123,6.12,0.00,2.03,0.33,3.66,0.00,35.00,32.00,189.00,787,2734
8053475328,2016-04-14,20159,15.97,0.00,12.34,0.21,3.36,0.00,119.00,5.00,193.00,1123,3411
8253242879,2016-04-14,5234,3.46,0.00,1.93,0.99,0.54,0.00,29.00,16.00,33.00,1362,1705
8378563200,2016-04-14,13318,10.56,2.25,5.62,1.03,3.91,0.00,123.00,21.00,174.00,699,4163
8583815059,2016-04-14,3135,2.45,0.00,0.00,0.00,2.43,0.00,0.00,0.00,134.00,1306,2443
8792009665,2016-04-14,1219,0.78,0.00,0.00,0.00,0.78,0.00,0.00,0.00,84.00,853,1963
8877689391,2016-04-14,21129,18.98,0.00,10.55,0.59,7.75,0.02,68.00,13.00,298.00,1061,3793
1503960366,2016-04-15,9762,6.28,0.00,2.14,1.26,2.83,0.00,29.00,34.00,209.00,726,1745
1624580081,2016-04-15,1510,0.98,0.00,0.00,0.00,0.97,0.00,0.00,0.00,96.00,1344,1344
1644430081,2016-04-15,5263,3.83,0.00,0.22,0.15,3.45,0.00,3.00,4.00,170.00,1263,2750
1844505072,2016-04-15,3844,2.54,0.00,0.00,0.00,2.54,0.00,0.00,0.00,176.00,527,1725
1927972279,2016-04-15,980,0.68,0.00,0.00,0.00,0.68,0.00,0.00,0.00,51.00,941,2221
2022484408,2016-04-15,11034,8.03,0.00,1.94,0.31,5.78,0.00,27.00,9.00,282.00,1122,2525
2026352035,2016-04-15,3821,2.37,0.00,0.00,0.00,2.37,0.00,0.00,0.00,188.00,687,1444
2320127002,2016-04-15,5205,3.51,0.00,0.00,0.00,3.51,0.00,0.00,0.00,245.00,1195,1801
2347167796,2016-04-15,10465,6.92,0.00,0.07,1.42,5.43,0.00,1.00,24.00,284.00,720,2133
2873212765,2016-04-15,8482,5.70,0.00,0.00,0.00,5.69,0.01,0.00,0.00,448.00,992,2063
3372868164,2016-04-15,7451,5.08,0.00,0.00,0.00,5.06,0.02,0.00,0.00,335.00,1105,1908
3977333714,2016-04-15,9010,6.06,0.00,1.05,1.75,3.26,0.00,15.00,42.00,183.00,644,1468
4020332650,2016-04-15,1882,1.35,0.00,0.21,0.36,0.77,0.00,36.00,18.00,87.00,1299,2951
4057192912,2016-04-15,3984,2.95,0.00,0.21,0.26,2.44,0.00,3.00,6.00,88.00,873,1527
4319703577,2016-04-15,5664,3.80,0.00,0.00,0.00,3.80,0.00,0.00,0.00,228.00,752,1985
4388161847,2016-04-15,8758,6.73,0.00,0.00,0.00,6.73,0.00,0.00,0.00,299.00,837,3066
4445114986,2016-04-15,7198,4.83,0.00,0.00,0.00,4.83,0.00,0.00,0.00,350.00,711,2496
4558609924,2016-04-15,7795,5.15,0.00,0.59,0.84,3.73,0.00,17.00,30.00,262.00,1131,2121
4702921684,2016-04-15,6506,5.28,0.00,0.07,0.42,4.79,0.00,1.00,8.00,256.00,944,2896
5553957443,2016-04-15,16556,10.86,0.00,4.16,1.98,4.71,0.00,58.00,38.00,239.00,689,2254
5577150313,2016-04-15,12087,9.08,0.00,3.92,1.60,3.56,0.00,115.00,54.00,199.00,695,4005
6117666160,2016-04-15,14019,10.59,0.00,0.00,0.28,10.30,0.00,0.00,6.00,513.00,921,2865
6290855005,2016-04-15,9501,7.18,0.00,0.00,0.00,7.17,0.01,0.00,0.00,328.00,1112,2896
6775888955,2016-04-15,1282,0.92,0.00,0.00,0.00,0.92,0.00,0.00,0.00,58.00,976,2127
6962181067,2016-04-15,5563,3.68,0.00,0.00,0.00,3.68,0.00,0.00,0.00,217.00,837,1756
7007744171,2016-04-15,5273,3.53,0.00,0.00,0.00,3.53,0.00,0.00,0.00,202.00,1238,2098
7086361926,2016-04-15,8585,5.67,0.00,2.04,1.11,2.53,0.00,30.00,21.00,139.00,864,2395
8053475328,2016-04-15,20669,16.24,0.00,13.26,0.39,2.59,0.00,132.00,8.00,158.00,1142,3410
8253242879,2016-04-15,2672,1.77,0.00,0.00,0.00,1.76,0.00,0.00,0.00,105.00,1335,1632
8378563200,2016-04-15,14461,11.47,0.00,4.91,1.15,5.41,0.00,60.00,23.00,190.00,729,3666
8583815059,2016-04-15,3430,2.68,0.00,0.00,0.00,0.90,0.00,0.00,0.00,65.00,1375,2505
8792009665,2016-04-15,2483,1.59,0.00,0.00,0.00,1.59,0.00,0.00,0.00,126.00,937,2009
8877689391,2016-04-15,13422,7.17,0.00,0.05,0.05,7.01,0.01,106.00,1.00,281.00,1052,3934
1503960366,2016-04-16,12669,8.16,0.00,2.71,0.41,5.04,0.00,36.00,10.00,221.00,773,1863
1624580081,2016-04-16,5370,3.49,0.00,0.00,0.00,3.49,0.00,0.00,0.00,176.00,1264,1463
1644430081,2016-04-16,15300,11.12,0.00,4.10,1.88,5.09,0.00,51.00,42.00,212.00,1135,3493
1844505072,2016-04-16,3414,2.26,0.00,0.00,0.00,2.26,0.00,0.00,0.00,147.00,1293,1657
1927972279,2016-04-16,0,0.00,0.00,0.00,0.00,0.00,0.00,0.00,0.00,0.00,1440,2064
2022484408,2016-04-16,10100,7.09,0.00,3.15,0.55,3.39,0.00,41.00,11.00,151.00,1237,2177
2026352035,2016-04-16,2547,1.58,0.00,0.00,0.00,1.58,0.00,0.00,0.00,150.00,728,1373
2320127002,2016-04-16,5057,3.41,0.00,0.00,0.00,3.40,0.00,0.00,0.00,195.00,1245,1724
2347167796,2016-04-16,22244,15.08,0.00,5.45,4.10,5.53,0.00,66.00,72.00,268.00,968,2670
2873212765,2016-04-16,9685,6.65,0.00,3.11,0.02,3.51,0.01,47.00,1.00,305.00,1087,2148
3372868164,2016-04-16,6905,4.73,0.00,0.00,0.00,4.70,0.03,0.00,0.00,356.00,1084,1908
3977333714,2016-04-16,13459,9.00,0.00,2.03,4.00,2.97,0.00,31.00,83.00,153.00,663,1625
4020332650,2016-04-16,1982,1.42,0.00,0.45,0.37,0.59,0.00,65.00,21.00,55.00,1222,3051
4319703577,2016-04-16,4744,3.18,0.00,0.00,0.00,3.18,0.00,0.00,0.00,194.00,724,1884
4388161847,2016-04-16,6580,5.06,0.00,0.21,0.40,4.45,0.00,6.00,9.00,253.00,609,3073
4445114986,2016-04-16,3945,2.65,0.00,0.00,0.00,2.65,0.00,0.00,0.00,225.00,716,2180
4558609924,2016-04-16,7289,4.82,0.00,0.55,0.75,3.50,0.00,8.00,12.00,308.00,1112,1997
4702921684,2016-04-16,11140,9.03,0.00,0.24,1.25,7.54,0.00,3.00,24.00,335.00,556,3328
5553957443,2016-04-16,5771,3.77,0.00,0.00,0.00,3.77,0.00,0.00,0.00,288.00,521,1831
5577150313,2016-04-16,14269,10.66,0.00,6.64,1.28,2.73,0.00,184.00,56.00,158.00,472,4274
6117666160,2016-04-16,14450,10.91,0.00,0.58,0.85,9.48,0.00,7.00,15.00,518.00,502,2828
6290855005,2016-04-16,8301,6.28,0.00,0.00,0.00,6.27,0.01,0.00,0.00,258.00,1182,2783
6775888955,2016-04-16,4732,3.39,0.00,2.52,0.81,0.06,0.00,36.00,18.00,9.00,1377,2225
6962181067,2016-04-16,13217,8.74,0.00,3.66,0.19,4.88,0.00,50.00,3.00,280.00,741,2173
7007744171,2016-04-16,4631,3.10,0.00,0.00,0.00,3.10,0.00,0.00,0.00,203.00,1155,2076
7086361926,2016-04-16,31,0.01,0.00,0.00,0.00,0.01,0.00,0.00,0.00,3.00,1437,1635
8053475328,2016-04-16,14549,11.11,0.00,9.36,0.27,1.49,0.00,96.00,6.00,83.00,1255,2867
8253242879,2016-04-16,9256,6.14,0.00,0.43,3.27,2.45,0.00,6.00,51.00,115.00,1268,1880
8378563200,2016-04-16,11207,8.89,0.00,5.37,1.07,2.44,0.00,64.00,21.00,142.00,563,3363
8583815059,2016-04-16,5319,4.15,0.00,0.00,0.00,0.00,0.00,0.00,0.00,0.00,1440,2693
8792009665,2016-04-16,244,0.16,0.00,0.00,0.00,0.16,0.00,0.00,0.00,12.00,1428,1721
8877689391,2016-04-16,29326,25.29,0.00,13.24,1.21,10.71,0.00,94.00,29.00,429.00,888,4547
1503960366,2016-04-17,9705,6.48,0.00,3.19,0.78,2.51,0.00,38.00,20.00,164.00,539,1728
1624580081,2016-04-17,6175,4.06,0.00,1.03,1.52,1.49,0.01,15.00,22.00,127.00,1276,1554
1644430081,2016-04-17,8757,6.37,0.00,2.25,0.57,3.55,0.00,29.00,13.00,186.00,1212,3011
1844505072,2016-04-17,4525,2.99,0.00,0.14,0.26,2.59,0.00,2.00,8.00,199.00,1231,1793
1927972279,2016-04-17,0,0.00,0.00,0.00,0.00,0.00,0.00,0.00,0.00,0.00,1440,2063
2022484408,2016-04-17,15112,11.40,0.00,3.87,0.66,6.88,0.00,28.00,29.00,331.00,1052,2782
2026352035,2016-04-17,838,0.52,0.00,0.00,0.00,0.52,0.00,0.00,0.00,60.00,1053,1214
2320127002,2016-04-17,6198,4.18,0.00,0.00,0.00,4.18,0.00,0.00,0.00,249.00,1191,1852
2347167796,2016-04-17,5472,3.62,0.00,0.08,0.28,3.26,0.00,1.00,7.00,249.00,508,1882
2873212765,2016-04-17,2524,1.70,0.00,0.00,0.35,1.34,0.00,0.00,8.00,160.00,1272,1529
3372868164,2016-04-17,8199,5.88,0.00,1.41,0.10,4.36,0.01,11.00,2.00,322.00,1105,1964
3977333714,2016-04-17,10415,6.97,0.00,0.70,2.35,3.92,0.00,11.00,58.00,205.00,600,1529
4020332650,2016-04-17,16,0.01,0.00,0.00,0.00,0.01,0.00,0.00,0.00,2.00,1438,1990
4319703577,2016-04-17,29,0.02,0.00,0.00,0.00,0.02,0.00,0.00,0.00,3.00,1363,1464
4388161847,2016-04-17,4660,3.58,0.00,0.00,0.00,3.58,0.00,0.00,0.00,201.00,721,2572
4445114986,2016-04-17,2268,1.52,0.00,0.00,0.00,1.52,0.00,0.00,0.00,114.00,1219,1933
4558609924,2016-04-17,9634,6.40,0.00,0.55,1.14,4.71,0.00,7.00,19.00,304.00,1110,2117
4702921684,2016-04-17,12692,10.29,0.00,0.96,3.46,5.88,0.00,12.00,66.00,302.00,437,3394
5553957443,2016-04-17,655,0.43,0.00,0.00,0.00,0.43,0.00,0.00,0.00,46.00,943,1397
5577150313,2016-04-17,12231,9.14,0.00,5.98,0.83,2.32,0.00,200.00,37.00,159.00,525,4552
6117666160,2016-04-17,7150,5.40,0.00,0.00,0.00,5.40,0.00,0.00,0.00,312.00,702,2225
6290855005,2016-04-17,7851,5.94,0.00,1.14,0.79,4.00,0.00,31.00,12.00,225.00,1172,3171
6775888955,2016-04-17,2497,1.79,0.00,0.35,1.13,0.31,0.00,5.00,24.00,19.00,1392,2067
6962181067,2016-04-17,10145,6.71,0.00,0.33,0.68,5.69,0.00,5.00,13.00,295.00,634,2027
7007744171,2016-04-17,8059,5.39,0.00,0.00,0.00,5.39,0.00,0.00,0.00,305.00,1135,2383
7086361926,2016-04-17,0,0.00,0.00,0.00,0.00,0.00,0.00,0.00,0.00,0.00,1440,1629
8053475328,2016-04-17,18827,13.69,0.00,9.24,0.80,3.64,0.00,111.00,21.00,195.00,1113,3213
8253242879,2016-04-17,10204,7.91,0.00,5.43,0.15,2.33,0.00,41.00,5.00,157.00,1237,2112
8378563200,2016-04-17,2132,1.69,0.00,0.00,0.00,1.69,0.00,0.00,0.00,93.00,599,2572
8583815059,2016-04-17,3008,2.35,0.00,0.00,0.00,0.00,0.00,0.00,0.00,0.00,1440,2439
8792009665,2016-04-17,0,0.00,0.00,0.00,0.00,0.00,0.00,0.00,0.00,0.00,1440,1688
8877689391,2016-04-17,15118,8.87,0.00,0.00,0.07,8.79,0.00,58.00,15.00,307.00,1060,3545
1503960366,2016-04-18,13019,8.59,0.00,3.25,0.64,4.71,0.00,42.00,16.00,233.00,1149,1921
1624580081,2016-04-18,10536,7.41,0.00,2.15,0.62,4.62,0.01,17.00,7.00,202.00,1214,1604
1644430081,2016-04-18,7132,5.19,0.00,1.07,1.67,2.45,0.00,15.00,33.00,121.00,1271,2806
1844505072,2016-04-18,4597,3.04,0.00,0.00,0.48,2.56,0.00,0.00,12.00,217.00,1211,1814
1927972279,2016-04-18,244,0.17,0.00,0.00,0.00,0.17,0.00,0.00,0.00,17.00,1423,2111
2022484408,2016-04-18,14131,10.07,0.00,3.64,0.12,6.30,0.00,48.00,3.00,311.00,1078,2770
2026352035,2016-04-18,3325,2.06,0.00,0.00,0.00,2.06,0.00,0.00,0.00,182.00,1062,1419
2320127002,2016-04-18,6559,4.42,0.00,0.00,0.26,4.14,0.00,0.00,7.00,260.00,1173,1905
2347167796,2016-04-18,8247,5.45,0.00,0.79,0.86,3.79,0.00,11.00,16.00,206.00,678,1944
2873212765,2016-04-18,7762,5.24,0.00,0.07,0.28,4.89,0.00,1.00,6.00,311.00,1122,1890
3372868164,2016-04-18,6798,4.64,0.00,1.08,0.20,3.35,0.00,20.00,7.00,343.00,1070,2014
3977333714,2016-04-18,11663,7.80,0.00,0.25,3.73,3.82,0.00,4.00,95.00,214.00,605,1584
4020332650,2016-04-18,62,0.04,0.00,0.00,0.00,0.04,0.00,0.00,0.00,2.00,1438,1995
4319703577,2016-04-18,2276,1.55,0.00,0.07,0.33,1.12,0.00,1.00,9.00,58.00,824,1632
4388161847,2016-04-18,11009,9.10,0.00,3.56,0.40,5.14,0.00,27.00,8.00,239.00,1017,3274
4445114986,2016-04-18,6155,4.24,0.00,2.00,0.29,1.95,0.00,25.00,6.00,162.00,1247,2248
4558609924,2016-04-18,8940,5.91,0.00,0.98,0.93,4.00,0.00,14.00,15.00,331.00,1080,2116
4702921684,2016-04-18,9105,7.38,0.00,1.82,1.49,4.07,0.00,22.00,30.00,191.00,890,3013
5553957443,2016-04-18,3727,2.43,0.00,0.00,0.00,2.43,0.00,0.00,0.00,206.00,622,1683
5577150313,2016-04-18,9893,7.39,0.00,4.86,0.72,1.82,0.00,114.00,32.00,130.00,623,3625
6117666160,2016-04-18,5153,3.91,0.00,0.00,0.00,3.89,0.00,0.00,0.00,241.00,759,2018
6290855005,2016-04-18,6885,5.21,0.00,0.00,0.00,5.19,0.02,0.00,0.00,271.00,1169,2766
6775888955,2016-04-18,8294,5.95,0.00,2.00,0.77,3.17,0.00,30.00,31.00,146.00,1233,2798
6962181067,2016-04-18,11404,7.54,0.00,0.83,2.39,4.32,0.00,13.00,42.00,238.00,689,2039
7007744171,2016-04-18,14816,10.98,4.93,3.79,2.12,5.05,0.02,48.00,31.00,284.00,1077,2832
7086361926,2016-04-18,9827,6.71,0.00,3.17,1.22,2.31,0.00,61.00,51.00,114.00,1136,2743
8053475328,2016-04-18,17076,12.66,0.00,9.08,0.23,3.35,0.00,102.00,6.00,195.00,1137,3133
8253242879,2016-04-18,5151,3.48,0.00,1.04,0.63,1.80,0.00,16.00,16.00,130.00,1278,1829
8378563200,2016-04-18,13630,10.81,2.09,5.05,0.56,5.20,0.00,117.00,10.00,174.00,720,4157
8583815059,2016-04-18,3864,3.01,0.00,0.31,1.06,1.35,0.00,4.00,22.00,105.00,1309,2536
8792009665,2016-04-18,0,0.00,0.00,0.00,0.00,0.00,0.00,0.00,0.00,0.00,1440,1688
8877689391,2016-04-18,11423,8.67,0.00,2.44,0.27,5.94,0.00,29.00,5.00,191.00,1215,2761
1503960366,2016-04-19,15506,9.88,0.00,3.53,1.32,5.03,0.00,50.00,31.00,264.00,775,2035
1624580081,2016-04-19,2916,1.90,0.00,0.00,0.00,1.90,0.00,0.00,0.00,141.00,1299,1435
1644430081,2016-04-19,11256,8.18,0.00,0.36,2.53,5.30,0.00,5.00,58.00,278.00,1099,3300
1844505072,2016-04-19,197,0.13,0.00,0.00,0.00,0.13,0.00,0.00,0.00,10.00,1430,1366
1927972279,2016-04-19,0,0.00,0.00,0.00,0.00,0.00,0.00,0.00,0.00,0.00,1440,2063
2022484408,2016-04-19,11548,8.53,0.00,3.29,0.24,5.00,0.00,31.00,7.00,250.00,1152,2489
2026352035,2016-04-19,2424,1.50,0.00,0.00,0.00,1.50,0.00,0.00,0.00,141.00,785,1356
2320127002,2016-04-19,5997,4.04,0.00,0.00,0.38,3.66,0.00,0.00,11.00,228.00,1201,1811
2347167796,2016-04-19,6711,4.44,0.00,0.00,0.00,4.44,0.00,0.00,7.00,382.00,648,2346
2873212765,2016-04-19,7948,5.37,0.00,0.00,0.00,5.36,0.00,0.00,0.00,389.00,1051,1956
3372868164,2016-04-19,7711,5.26,0.00,0.00,0.00,5.24,0.02,0.00,0.00,376.00,1064,1985
3977333714,2016-04-19,12414,8.78,0.00,2.24,2.45,3.96,0.00,19.00,67.00,221.00,738,1638
4020332650,2016-04-19,0,0.00,0.00,0.00,0.00,0.00,0.00,0.00,0.00,0.00,1440,1980
4319703577,2016-04-19,8925,5.99,0.00,0.00,0.00,5.99,0.00,0.00,0.00,311.00,604,2200
4388161847,2016-04-19,10181,7.83,0.00,1.37,0.69,5.77,0.00,20.00,16.00,249.00,704,3015
4445114986,2016-04-19,2064,1.39,0.00,0.00,0.00,1.39,0.00,0.00,0.00,121.00,895,1954
4558609924,2016-04-19,5401,3.57,0.00,0.05,0.36,3.16,0.00,1.00,9.00,248.00,1182,1876
4702921684,2016-04-19,6708,5.44,0.00,0.88,0.37,4.19,0.00,10.00,8.00,179.00,757,2812
5553957443,2016-04-19,15482,10.11,0.00,4.28,1.66,4.18,0.00,69.00,28.00,249.00,756,2284
5577150313,2016-04-19,12574,9.42,0.00,7.02,0.64,1.76,0.00,108.00,23.00,111.00,733,3501
6117666160,2016-04-19,11135,8.41,0.00,0.00,0.00,8.41,0.00,0.00,0.00,480.00,425,2606
6290855005,2016-04-19,7142,5.40,0.00,0.00,0.00,5.39,0.01,0.00,0.00,321.00,1119,2839
6775888955,2016-04-19,0,0.00,0.00,0.00,0.00,0.00,0.00,0.00,0.00,0.00,1440,1841
6962181067,2016-04-19,10742,7.10,0.00,2.10,2.13,2.87,0.00,35.00,41.00,195.00,659,2046
7007744171,2016-04-19,14194,10.48,4.94,4.41,0.76,5.31,0.00,53.00,17.00,304.00,1066,2812
7086361926,2016-04-19,10688,7.29,0.00,3.53,1.23,2.51,0.00,67.00,69.00,124.00,671,2944
8053475328,2016-04-19,15929,12.48,0.00,9.22,0.31,2.95,0.00,90.00,7.00,191.00,1152,3114
8253242879,2016-04-19,4212,2.78,0.00,0.00,0.00,2.78,0.00,0.00,0.00,164.00,1276,1763
8378563200,2016-04-19,13070,10.36,2.25,5.30,0.88,4.18,0.00,120.00,19.00,154.00,737,4092
8583815059,2016-04-19,5697,4.44,0.00,0.53,0.48,3.44,0.00,7.00,10.00,166.00,1257,2668
8792009665,2016-04-19,0,0.00,0.00,0.00,0.00,0.00,0.00,0.00,0.00,0.00,1440,1688
8877689391,2016-04-19,18785,17.40,0.00,12.15,0.18,5.03,0.00,82.00,13.00,214.00,1131,3676
1503960366,2016-04-20,10544,6.68,0.00,1.96,0.48,4.24,0.00,28.00,12.00,205.00,818,1786
1624580081,2016-04-20,4974,3.23,0.00,0.00,0.00,3.23,0.00,0.00,0.00,151.00,1289,1446
1644430081,2016-04-20,2436,1.77,0.00,0.00,0.00,1.76,0.01,0.00,0.00,125.00,1315,2430
1844505072,2016-04-20,8,0.01,0.00,0.00,0.00,0.01,0.00,0.00,0.00,1.00,1439,1349
1927972279,2016-04-20,0,0.00,0.00,0.00,0.00,0.00,0.00,0.00,0.00,0.00,1440,2063
2022484408,2016-04-20,15112,10.67,0.00,3.34,1.93,5.40,0.00,48.00,63.00,276.00,1053,2897
2026352035,2016-04-20,7222,4.48,0.00,0.00,0.00,4.48,0.00,0.00,0.00,327.00,623,1667
2320127002,2016-04-20,7192,4.85,0.00,0.00,0.49,4.34,0.00,0.00,11.00,283.00,1146,1922
2347167796,2016-04-20,10999,7.27,0.00,0.68,1.81,4.78,0.00,11.00,43.00,269.00,1011,2198
2873212765,2016-04-20,9202,6.30,0.00,1.51,0.12,4.66,0.01,22.00,5.00,378.00,1035,2094
3372868164,2016-04-20,4880,3.33,0.00,0.84,0.09,2.38,0.02,15.00,3.00,274.00,1148,1867
3977333714,2016-04-20,11658,7.83,0.00,0.20,4.35,3.28,0.00,2.00,98.00,164.00,845,1554
4020332650,2016-04-20,0,0.00,0.00,0.00,0.00,0.00,0.00,0.00,0.00,0.00,1440,1980
4319703577,2016-04-20,8954,6.01,0.00,0.00,0.68,5.31,0.00,0.00,18.00,306.00,671,2220
4388161847,2016-04-20,10553,8.12,0.00,1.10,1.72,5.29,0.00,19.00,42.00,228.00,696,3083
4445114986,2016-04-20,2072,1.39,0.00,0.00,0.00,1.39,0.00,0.00,0.00,137.00,841,1974
4558609924,2016-04-20,4803,3.17,0.00,0.00,0.00,3.17,0.00,0.00,0.00,222.00,1218,1788
4702921684,2016-04-20,8793,7.13,0.00,0.16,1.23,5.73,0.00,2.00,29.00,260.00,717,3061
5553957443,2016-04-20,2713,1.77,0.00,0.00,0.00,1.77,0.00,0.00,0.00,148.00,598,1570
5577150313,2016-04-20,8330,6.22,0.00,4.12,0.34,1.76,0.00,87.00,16.00,113.00,773,3192
6117666160,2016-04-20,10449,8.02,0.00,2.03,0.48,5.52,0.00,26.00,10.00,349.00,587,2536
6290855005,2016-04-20,6361,4.81,0.00,0.00,0.00,4.80,0.01,0.00,0.00,258.00,1182,2701
6775888955,2016-04-20,10771,7.72,0.00,3.77,1.74,2.22,0.00,70.00,113.00,178.00,1079,3727
6962181067,2016-04-20,13928,9.55,0.00,4.28,0.19,5.09,0.00,48.00,4.00,297.00,639,2174
7007744171,2016-04-20,15566,11.31,4.92,4.79,0.67,5.86,0.00,60.00,33.00,347.00,1000,3096
7086361926,2016-04-20,14365,10.64,0.00,7.64,0.45,2.54,0.00,87.00,13.00,145.00,797,2997
8053475328,2016-04-20,15108,12.19,0.00,9.58,0.23,2.38,0.00,89.00,5.00,158.00,695,3043
8253242879,2016-04-20,6466,4.27,0.00,0.33,0.82,3.11,0.01,5.00,18.00,216.00,1201,1931
8378563200,2016-04-20,9388,7.44,2.09,2.23,0.44,4.78,0.00,82.00,8.00,169.00,763,3787
8583815059,2016-04-20,5273,4.11,0.00,0.00,1.04,3.07,0.00,0.00,27.00,167.00,1246,2647
8792009665,2016-04-20,3147,2.01,0.00,0.00,0.28,1.74,0.00,0.00,10.00,139.00,744,2188
8877689391,2016-04-20,19948,18.11,0.00,11.02,0.69,6.34,0.00,73.00,19.00,225.00,1123,3679
1503960366,2016-04-21,9819,6.34,0.00,1.34,0.35,4.65,0.00,19.00,8.00,211.00,838,1775
1624580081,2016-04-21,6349,4.13,0.00,0.00,0.00,4.11,0.02,0.00,0.00,186.00,1254,1467
1644430081,2016-04-21,1223,0.89,0.00,0.00,0.00,0.88,0.01,0.00,0.00,38.00,1402,2140
1844505072,2016-04-21,8054,5.32,0.00,0.12,0.52,4.68,0.00,2.00,13.00,308.00,1117,2062
1927972279,2016-04-21,0,0.00,0.00,0.00,0.00,0.00,0.00,0.00,0.00,0.00,1440,2064
2022484408,2016-04-21,12453,8.74,0.00,3.33,1.11,4.31,0.00,104.00,53.00,255.00,1028,3158
2026352035,2016-04-21,2467,1.53,0.00,0.00,0.00,1.53,0.00,0.00,0.00,153.00,749,1370
2320127002,2016-04-21,3404,2.29,0.00,0.06,0.42,1.81,0.00,1.00,10.00,127.00,1302,1610
2347167796,2016-04-21,10080,6.75,0.00,1.85,1.53,3.38,0.00,23.00,26.00,208.00,761,2048
2873212765,2016-04-21,8859,5.98,0.00,0.13,0.37,5.47,0.01,2.00,10.00,371.00,1057,1970
3372868164,2016-04-21,8857,6.07,0.00,1.15,0.26,4.64,0.01,18.00,9.00,376.00,1037,2124
3977333714,2016-04-21,6093,4.08,0.00,0.00,0.00,4.06,0.00,0.00,0.00,242.00,712,1397
4020332650,2016-04-21,0,0.00,0.00,0.00,0.00,0.00,0.00,0.00,0.00,0.00,1440,1980
4319703577,2016-04-21,3702,2.48,0.00,0.00,0.00,0.35,0.00,0.00,0.00,34.00,1265,1792
4388161847,2016-04-21,10055,7.73,0.00,0.37,0.39,6.98,0.00,7.00,12.00,272.00,853,3069
4445114986,2016-04-21,3809,2.56,0.00,0.00,0.00,2.54,0.00,0.00,0.00,215.00,756,2150
4558609924,2016-04-21,13743,9.08,0.00,0.42,0.97,7.70,0.00,6.00,21.00,432.00,844,2486
4702921684,2016-04-21,6530,5.30,0.00,0.31,2.05,2.94,0.00,4.00,41.00,144.00,901,2729
5553957443,2016-04-21,12346,8.06,0.00,2.95,2.16,2.96,0.00,47.00,42.00,177.00,801,2066
5577150313,2016-04-21,10830,8.09,0.00,3.65,1.66,2.78,0.00,110.00,74.00,175.00,670,4018
6117666160,2016-04-21,19542,15.01,0.00,0.98,0.40,5.62,0.00,11.00,19.00,294.00,579,4900
6290855005,2016-04-21,0,0.00,0.00,0.00,0.00,0.00,0.00,0.00,0.00,0.00,1440,2060
6775888955,2016-04-21,0,0.00,0.00,0.00,0.00,0.00,0.00,0.00,0.00,0.00,1440,1841
6962181067,2016-04-21,11835,9.71,4.08,3.99,2.10,3.51,0.11,53.00,27.00,214.00,708,2179
7007744171,2016-04-21,13744,9.19,0.00,2.15,1.87,5.17,0.00,30.00,34.00,327.00,1049,2763
7086361926,2016-04-21,9469,6.18,0.00,1.36,0.30,4.51,0.00,19.00,6.00,206.00,758,2463
8053475328,2016-04-21,16057,12.51,0.00,9.67,0.25,2.58,0.00,100.00,6.00,170.00,1164,3103
8253242879,2016-04-21,11268,8.56,0.00,5.88,0.93,1.75,0.00,49.00,20.00,172.00,1199,2218
8378563200,2016-04-21,15148,12.01,2.25,6.90,0.82,4.29,0.00,137.00,16.00,145.00,677,4236
8583815059,2016-04-21,8538,6.66,0.00,2.63,1.02,3.01,0.00,35.00,18.00,158.00,1229,2883
8792009665,2016-04-21,144,0.09,0.00,0.00,0.00,0.09,0.00,0.00,0.00,9.00,1431,1720
8877689391,2016-04-21,19377,17.62,0.00,12.29,0.42,4.89,0.00,82.00,13.00,226.00,1119,3659
1503960366,2016-04-22,12764,8.13,0.00,4.76,1.12,2.24,0.00,66.00,27.00,130.00,1217,1827
1624580081,2016-04-22,4026,2.62,0.00,0.00,0.00,2.60,0.00,0.00,0.00,199.00,1241,1470
1644430081,2016-04-22,3673,2.67,0.00,0.00,0.00,2.66,0.01,0.00,0.00,86.00,1354,2344
1844505072,2016-04-22,5372,3.55,0.00,0.00,0.00,3.55,0.00,0.00,0.00,220.00,1220,1827
1927972279,2016-04-22,149,0.10,0.00,0.00,0.00,0.10,0.00,0.00,0.00,10.00,1430,2093
2022484408,2016-04-22,12954,9.33,0.00,4.43,0.42,4.47,0.00,52.00,10.00,273.00,1105,2638
2026352035,2016-04-22,2915,1.81,0.00,0.00,0.00,1.81,0.00,0.00,0.00,162.00,712,1399
2320127002,2016-04-22,5583,3.76,0.00,0.00,0.00,3.76,0.00,0.00,0.00,266.00,1174,1851
2347167796,2016-04-22,7804,5.16,0.00,0.56,1.68,2.92,0.00,9.00,27.00,206.00,781,1946
2873212765,2016-04-22,7286,4.90,0.00,0.46,0.00,4.42,0.02,46.00,0.00,366.00,1028,2241
3372868164,2016-04-22,3843,2.62,0.00,0.00,0.00,2.61,0.01,0.00,0.00,206.00,1234,1669
3977333714,2016-04-22,8911,5.96,0.00,2.33,0.58,3.06,0.00,33.00,12.00,188.00,731,1481
4020332650,2016-04-22,0,0.00,0.00,0.00,0.00,0.00,0.00,0.00,0.00,0.00,1440,1980
4319703577,2016-04-22,4500,3.02,0.00,0.06,0.81,2.15,0.00,1.00,19.00,176.00,709,1886
4388161847,2016-04-22,12139,9.34,0.00,3.30,1.11,4.92,0.00,77.00,25.00,220.00,945,3544
4445114986,2016-04-22,6831,4.58,0.00,0.00,0.00,4.58,0.00,0.00,0.00,317.00,706,2432
4558609924,2016-04-22,9601,6.35,0.00,1.37,1.50,3.47,0.00,20.00,25.00,273.00,1122,2094
4702921684,2016-04-22,1664,1.35,0.00,0.00,0.00,1.35,0.00,0.00,0.00,72.00,1341,2241
5553957443,2016-04-22,11682,7.63,0.00,1.38,0.63,5.60,0.00,25.00,16.00,270.00,781,2105
5577150313,2016-04-22,9172,6.85,0.00,2.42,0.79,3.30,0.00,62.00,30.00,200.00,823,3329
6117666160,2016-04-22,8206,6.20,0.00,0.00,0.00,6.20,0.00,0.00,0.00,402.00,413,2409
6290855005,2016-04-22,6238,4.72,0.00,0.00,0.00,4.72,0.00,0.00,0.00,302.00,1138,2796
6775888955,2016-04-22,637,0.46,0.00,0.00,0.00,0.46,0.00,0.00,0.00,20.00,1420,1922
6962181067,2016-04-22,10725,7.09,0.00,1.77,1.55,3.77,0.00,30.00,33.00,240.00,659,2086
7007744171,2016-04-22,15299,10.24,0.00,4.10,1.76,4.37,0.00,64.00,50.00,261.00,1065,2889
7086361926,2016-04-22,9753,6.53,0.00,2.87,0.97,2.67,0.00,58.00,59.00,153.00,762,2846
8053475328,2016-04-22,10520,8.29,0.00,6.26,0.15,1.88,0.00,60.00,3.00,117.00,1260,2655
8253242879,2016-04-22,2824,1.87,0.00,0.00,0.00,1.87,0.00,0.00,0.00,120.00,1320,1651
8378563200,2016-04-22,12200,9.67,2.09,4.91,0.59,4.18,0.00,113.00,12.00,159.00,769,4044
8583815059,2016-04-22,8687,6.78,0.00,0.29,2.41,4.08,0.00,4.00,54.00,212.00,1170,2944
8792009665,2016-04-22,4068,2.60,0.00,0.05,0.28,2.27,0.00,1.00,20.00,195.00,817,2419
8877689391,2016-04-22,18258,16.31,0.00,10.23,0.03,5.97,0.05,61.00,2.00,236.00,1141,3427
1503960366,2016-04-23,14371,9.04,0.00,2.81,0.87,5.36,0.00,41.00,21.00,262.00,732,1949
1624580081,2016-04-23,8538,5.55,0.00,0.00,0.00,5.54,0.01,0.00,0.00,227.00,1213,1562
1644430081,2016-04-23,6637,4.83,0.00,0.00,0.58,4.25,0.00,0.00,15.00,160.00,1265,2677
1844505072,2016-04-23,3570,2.36,0.00,0.00,0.00,2.36,0.00,0.00,0.00,139.00,1301,1645
1927972279,2016-04-23,2945,2.04,0.00,0.00,0.00,2.04,0.00,0.00,0.00,145.00,1295,2499
2022484408,2016-04-23,6001,4.21,0.00,0.00,0.00,4.21,0.00,0.00,0.00,249.00,1191,2069
2026352035,2016-04-23,12357,7.71,0.00,0.00,0.00,7.71,0.00,0.00,0.00,432.00,458,1916
2320127002,2016-04-23,5079,3.42,0.00,0.00,0.00,3.42,0.00,0.00,0.00,242.00,1129,1804
2347167796,2016-04-23,16901,11.37,0.00,2.78,1.45,7.15,0.00,32.00,35.00,360.00,591,2629
2873212765,2016-04-23,9317,6.35,0.00,2.09,0.23,4.02,0.01,28.00,5.00,330.00,1077,2021
3372868164,2016-04-23,7396,5.07,0.00,1.40,0.08,3.58,0.00,20.00,2.00,303.00,1115,1995
3977333714,2016-04-23,12058,8.07,0.00,0.00,4.22,3.85,0.00,0.00,92.00,252.00,724,1638
4020332650,2016-04-23,0,0.00,0.00,0.00,0.00,0.00,0.00,0.00,0.00,0.00,1440,1980
4319703577,2016-04-23,4935,3.31,0.00,0.00,0.00,3.31,0.00,0.00,0.00,233.00,546,1945
4388161847,2016-04-23,13236,10.18,0.00,4.50,0.32,5.35,0.00,58.00,5.00,215.00,749,3306
4445114986,2016-04-23,4363,2.93,0.00,0.00,0.00,2.93,0.00,0.00,0.00,201.00,1239,2149
4558609924,2016-04-23,6890,4.55,0.00,0.34,0.20,4.01,0.00,5.00,5.00,308.00,1122,2085
4702921684,2016-04-23,15126,12.27,0.00,0.76,3.24,8.27,0.00,9.00,66.00,408.00,469,3691
5553957443,2016-04-23,4112,2.69,0.00,0.00,0.00,2.68,0.00,0.00,0.00,272.00,443,1776
5577150313,2016-04-23,7638,5.71,0.00,1.21,0.36,4.14,0.00,24.00,24.00,223.00,627,3152
6117666160,2016-04-23,11495,8.68,0.00,0.00,0.00,8.68,0.00,0.00,0.00,512.00,468,2651
6290855005,2016-04-23,0,0.00,0.00,0.00,0.00,0.00,0.00,33.00,0.00,0.00,1407,2664
6775888955,2016-04-23,0,0.00,0.00,0.00,0.00,0.00,0.00,0.00,0.00,0.00,1440,1841
6962181067,2016-04-23,20031,13.24,0.00,4.20,2.00,7.04,0.00,58.00,41.00,347.00,484,2571
7007744171,2016-04-23,8093,5.41,0.00,0.13,1.13,4.15,0.00,2.00,25.00,223.00,1190,2284
7086361926,2016-04-23,2817,1.81,0.00,0.00,0.00,1.80,0.00,0.00,0.00,90.00,1350,1965
8053475328,2016-04-23,22359,17.19,0.00,12.54,0.63,4.02,0.00,125.00,14.00,223.00,741,3554
8253242879,2016-04-23,9282,6.26,0.00,2.09,1.04,3.13,0.00,30.00,26.00,191.00,1193,2132
8378563200,2016-04-23,5709,4.53,0.00,1.52,0.52,2.48,0.00,19.00,10.00,136.00,740,2908
8583815059,2016-04-23,9423,7.35,0.00,0.53,2.03,4.75,0.00,7.00,44.00,238.00,1151,3012
8792009665,2016-04-23,5245,3.36,0.00,0.16,0.44,2.75,0.00,8.00,45.00,232.00,795,2748
8877689391,2016-04-23,11200,7.43,0.00,0.00,0.00,7.40,0.01,102.00,6.00,300.00,1032,3891
1503960366,2016-04-24,10039,6.41,0.00,2.92,0.21,3.28,0.00,39.00,5.00,238.00,709,1788
1624580081,2016-04-24,6076,3.95,0.00,1.15,0.91,1.89,0.00,16.00,18.00,185.00,1221,1617
1644430081,2016-04-24,3321,2.41,0.00,0.00,0.00,2.41,0.00,0.00,0.00,89.00,1351,2413
1844505072,2016-04-24,0,0.00,0.00,0.00,0.00,0.00,0.00,0.00,0.00,0.00,1440,1347
1927972279,2016-04-24,2090,1.45,0.00,0.07,0.24,1.14,0.00,1.00,6.00,75.00,1358,2324
2022484408,2016-04-24,13481,10.28,0.00,4.55,1.15,4.58,0.00,37.00,26.00,216.00,1161,2529
2026352035,2016-04-24,3490,2.16,0.00,0.00,0.00,2.16,0.00,0.00,0.00,164.00,704,1401
2320127002,2016-04-24,4165,2.81,0.00,0.00,0.00,2.80,0.00,0.00,0.00,204.00,1236,1725
2347167796,2016-04-24,9471,6.26,0.00,0.00,0.00,6.26,0.00,0.00,0.00,360.00,584,2187
2873212765,2016-04-24,6873,4.68,0.00,3.00,0.06,1.62,0.00,46.00,1.00,190.00,1203,1898
3372868164,2016-04-24,6731,4.59,0.00,0.89,0.19,3.49,0.02,14.00,7.00,292.00,1127,1921
3977333714,2016-04-24,14112,10.00,0.00,3.27,4.56,2.17,0.00,30.00,95.00,129.00,660,1655
4020332650,2016-04-24,0,0.00,0.00,0.00,0.00,0.00,0.00,0.00,0.00,0.00,1440,1980
4319703577,2016-04-24,4081,2.74,0.00,0.06,0.20,2.47,0.00,1.00,5.00,191.00,692,1880
4388161847,2016-04-24,10243,7.88,0.00,1.08,0.51,6.30,0.00,14.00,8.00,239.00,584,2885
4445114986,2016-04-24,5002,3.36,0.00,0.00,0.00,3.36,0.00,0.00,0.00,244.00,1196,2247
4558609924,2016-04-24,8563,5.66,0.00,0.00,0.00,5.65,0.00,0.00,0.00,395.00,1045,2173
4702921684,2016-04-24,15050,12.22,0.00,1.20,5.12,5.88,0.00,15.00,95.00,281.00,542,3538
5553957443,2016-04-24,1807,1.18,0.00,0.00,0.00,1.18,0.00,0.00,0.00,104.00,582,1507
5577150313,2016-04-24,15764,11.78,0.00,7.65,2.15,1.98,0.00,210.00,65.00,141.00,425,4392
6117666160,2016-04-24,7623,5.76,0.00,0.00,0.00,5.76,0.00,0.00,0.00,362.00,711,2305
6290855005,2016-04-24,5896,4.46,0.00,0.00,0.00,4.46,0.00,0.00,0.00,258.00,1182,2703
6775888955,2016-04-24,2153,1.54,0.00,0.77,0.62,0.15,0.00,11.00,18.00,11.00,1400,2053
6962181067,2016-04-24,5029,3.32,0.00,0.00,0.00,3.32,0.00,0.00,0.00,199.00,720,1705
7007744171,2016-04-24,11085,7.42,0.00,0.00,0.00,7.42,0.00,0.00,0.00,419.00,1021,2667
7086361926,2016-04-24,3520,2.16,0.00,0.00,0.00,2.15,0.00,0.00,0.00,125.00,566,2049
8053475328,2016-04-24,22988,17.95,0.00,13.13,1.55,3.26,0.00,129.00,33.00,182.00,1096,3577
8253242879,2016-04-24,8905,7.13,0.00,5.60,0.19,1.34,0.00,41.00,4.00,82.00,1313,1976
8378563200,2016-04-24,3703,2.94,0.00,0.00,0.00,2.94,0.00,0.00,0.00,135.00,734,2741
8583815059,2016-04-24,8286,6.46,0.00,0.15,2.05,4.27,0.00,2.00,44.00,206.00,1188,2889
8792009665,2016-04-24,400,0.26,0.00,0.04,0.05,0.16,0.00,3.00,8.00,19.00,1410,1799
8877689391,2016-04-24,16674,15.74,0.00,11.01,0.01,4.69,0.00,64.00,1.00,227.00,1148,3455
1503960366,2016-04-25,15355,9.80,0.00,5.29,0.57,3.94,0.00,73.00,14.00,216.00,814,2013
1624580081,2016-04-25,6497,4.22,0.00,0.00,0.00,4.20,0.02,0.00,0.00,202.00,1238,1492
1644430081,2016-04-25,3580,2.60,0.00,0.59,0.06,1.95,0.00,8.00,1.00,94.00,1337,2497
1844505072,2016-04-25,0,0.00,0.00,0.00,0.00,0.00,0.00,0.00,0.00,0.00,1440,1347
1927972279,2016-04-25,152,0.11,0.00,0.00,0.00,0.11,0.00,0.00,0.00,12.00,1303,2100
2022484408,2016-04-25,11369,8.01,0.00,3.33,0.22,4.46,0.00,44.00,8.00,217.00,1171,2470
2026352035,2016-04-25,6017,3.73,0.00,0.00,0.00,3.73,0.00,0.00,0.00,260.00,821,1576
2320127002,2016-04-25,3588,2.42,0.00,0.23,0.20,1.99,0.00,3.00,5.00,152.00,1280,1654
2347167796,2016-04-25,9482,6.38,0.00,1.27,0.52,4.60,0.00,15.00,11.00,277.00,653,2095
2873212765,2016-04-25,7373,4.95,0.00,0.00,0.00,4.95,0.00,0.00,0.00,359.00,1081,1907
3372868164,2016-04-25,5995,4.09,0.00,0.00,0.00,4.09,0.00,0.00,0.00,416.00,1024,2010
3977333714,2016-04-25,11177,8.48,0.00,5.62,0.43,2.41,0.00,50.00,9.00,133.00,781,1570
4020332650,2016-04-25,0,0.00,0.00,0.00,0.00,0.00,0.00,0.00,0.00,0.00,1440,1980
4319703577,2016-04-25,9259,6.21,0.00,0.00,0.28,5.93,0.00,0.00,8.00,390.00,544,2314
4388161847,2016-04-25,12961,9.97,0.00,0.73,1.40,7.84,0.00,11.00,31.00,301.00,1054,3288
4445114986,2016-04-25,3385,2.27,0.00,0.00,0.00,2.27,0.00,0.00,0.00,179.00,916,2070
4558609924,2016-04-25,8095,5.35,0.00,0.59,0.25,4.51,0.00,18.00,10.00,340.00,993,2225
4702921684,2016-04-25,9167,7.43,0.00,0.49,0.82,6.11,0.00,6.00,15.00,270.00,730,3064
5553957443,2016-04-25,10946,7.19,0.00,2.93,0.57,3.69,0.00,51.00,11.00,201.00,732,2033
5577150313,2016-04-25,6393,4.78,0.00,1.35,0.67,2.76,0.00,61.00,38.00,214.00,743,3374
6117666160,2016-04-25,0,0.00,0.00,0.00,0.00,0.00,0.00,0.00,0.00,0.00,1440,1497
6290855005,2016-04-25,7802,5.90,0.00,0.68,0.18,5.03,0.01,8.00,3.00,249.00,1180,2771
6775888955,2016-04-25,6474,4.64,0.00,2.27,0.46,1.90,0.00,33.00,13.00,92.00,1302,2484
6962181067,2016-04-25,13239,9.27,2.79,3.02,1.68,4.46,0.10,35.00,31.00,282.00,637,2194
7007744171,2016-04-25,18229,13.34,4.86,4.31,1.37,7.67,0.00,51.00,24.00,379.00,986,3055
7086361926,2016-04-25,10091,6.82,0.00,3.75,0.70,2.37,0.00,69.00,39.00,129.00,706,2752
8053475328,2016-04-25,20500,15.69,0.00,11.37,0.46,3.86,0.00,118.00,9.00,209.00,1104,3403
8253242879,2016-04-25,6829,4.51,0.00,0.36,2.39,1.77,0.00,7.00,54.00,118.00,1261,1909
8378563200,2016-04-25,12405,9.84,2.09,5.05,0.87,3.92,0.00,117.00,16.00,141.00,692,4005
8583815059,2016-04-25,4503,3.51,0.00,1.47,0.24,1.81,0.00,18.00,6.00,122.00,1294,2547
8792009665,2016-04-25,0,0.00,0.00,0.00,0.00,0.00,0.00,0.00,0.00,0.00,1440,1688
8877689391,2016-04-25,12986,8.74,0.00,2.37,0.07,6.27,0.01,113.00,8.00,218.00,1101,3802
1503960366,2016-04-26,13755,8.79,0.00,2.33,0.92,5.54,0.00,31.00,23.00,279.00,833,1970
1624580081,2016-04-26,2826,1.84,0.00,0.00,0.00,1.83,0.01,0.00,0.00,140.00,1300,1402
1644430081,2016-04-26,9919,7.21,0.00,0.80,1.72,4.69,0.00,11.00,41.00,223.00,1165,3123
1844505072,2016-04-26,0,0.00,0.00,0.00,0.00,0.00,0.00,0.00,0.00,0.00,1440,1347
1927972279,2016-04-26,3761,2.60,0.00,0.00,0.00,2.60,0.00,0.00,0.00,192.00,1058,2638
2022484408,2016-04-26,10119,7.19,0.00,1.43,0.66,5.11,0.00,55.00,24.00,275.00,1086,2793
2026352035,2016-04-26,5933,3.68,0.00,0.00,0.00,3.68,0.00,0.00,0.00,288.00,1018,1595
2320127002,2016-04-26,3409,2.30,0.00,0.00,0.00,2.30,0.00,0.00,0.00,147.00,1293,1632
2347167796,2016-04-26,5980,3.95,0.00,0.00,0.00,3.95,0.00,0.00,0.00,227.00,732,1861
2873212765,2016-04-26,8242,5.54,0.00,0.12,0.18,5.24,0.00,2.00,5.00,309.00,1124,1882
3372868164,2016-04-26,8283,5.79,0.00,1.85,0.05,3.87,0.01,22.00,2.00,333.00,1083,2057
3977333714,2016-04-26,11388,7.62,0.00,0.45,4.22,2.95,0.00,7.00,95.00,170.00,797,1551
4020332650,2016-04-26,0,0.00,0.00,0.00,0.00,0.00,0.00,0.00,0.00,0.00,1440,1980
4319703577,2016-04-26,9899,6.64,0.00,0.57,0.92,5.15,0.00,8.00,21.00,288.00,649,2236
4388161847,2016-04-26,9461,7.28,0.00,0.94,1.06,5.27,0.00,14.00,23.00,224.00,673,2929
4445114986,2016-04-26,6326,4.41,0.00,2.41,0.04,1.96,0.00,29.00,1.00,180.00,839,2291
4558609924,2016-04-26,9148,6.05,0.00,0.43,2.03,3.59,0.00,12.00,41.00,283.00,1062,2223
4702921684,2016-04-26,6108,4.95,0.00,0.07,0.35,4.54,0.00,1.00,8.00,216.00,765,2784
5553957443,2016-04-26,11886,7.76,0.00,2.37,0.93,4.46,0.00,40.00,18.00,238.00,750,2093
5577150313,2016-04-26,5325,3.98,0.00,0.85,0.65,2.47,0.00,38.00,32.00,181.00,759,3088
6117666160,2016-04-26,9543,7.21,0.00,0.00,0.34,6.87,0.00,0.00,7.00,352.00,1077,2450
6290855005,2016-04-26,0,0.00,0.00,0.00,0.00,0.00,0.00,0.00,0.00,0.00,1440,2060
6775888955,2016-04-26,7091,5.27,1.96,3.48,0.87,0.73,0.00,42.00,30.00,47.00,1321,2584
6962181067,2016-04-26,10433,6.90,0.00,2.58,0.42,3.90,0.00,36.00,7.00,254.00,680,2012
7007744171,2016-04-26,15090,10.10,0.00,0.93,0.94,8.23,0.00,16.00,22.00,424.00,978,2939
7086361926,2016-04-26,10387,7.07,0.00,4.16,0.77,2.12,0.00,70.00,33.00,132.00,726,2781
8053475328,2016-04-26,12685,9.62,0.00,6.31,0.20,3.10,0.00,68.00,5.00,185.00,1182,2846
8253242879,2016-04-26,4562,3.04,0.00,1.18,0.49,1.37,0.00,19.00,14.00,108.00,1299,1813
8378563200,2016-04-26,16208,12.85,0.00,7.51,0.92,4.42,0.00,90.00,18.00,161.00,593,3763
8583815059,2016-04-26,10499,8.19,0.00,0.07,4.22,3.89,0.00,1.00,91.00,214.00,1134,3093
8792009665,2016-04-26,1321,0.85,0.00,0.00,0.00,0.85,0.00,0.00,0.00,80.00,1360,1928
8877689391,2016-04-26,11101,8.43,0.00,1.76,0.13,6.50,0.00,22.00,3.00,258.00,1157,2860
1503960366,2016-04-27,18134,12.21,0.00,6.40,0.41,5.41,0.00,78.00,11.00,243.00,1108,2159
1624580081,2016-04-27,8367,5.44,0.00,1.11,1.87,2.46,0.00,17.00,36.00,154.00,1233,1670
1644430081,2016-04-27,3032,2.20,0.00,0.00,0.00,2.20,0.00,0.00,0.00,118.00,1322,2489
1844505072,2016-04-27,4,0.00,0.00,0.00,0.00,0.00,0.00,0.00,0.00,1.00,1439,1348
1927972279,2016-04-27,0,0.00,0.00,0.00,0.00,0.00,0.00,0.00,0.00,0.00,1440,2063
2022484408,2016-04-27,10159,7.13,0.00,1.04,0.97,5.12,0.00,19.00,20.00,282.00,1119,2463
2026352035,2016-04-27,6088,3.77,0.00,0.00,0.00,3.77,0.00,0.00,0.00,286.00,586,1593
2320127002,2016-04-27,1715,1.16,0.00,0.00,0.00,1.16,0.00,0.00,0.00,82.00,1358,1481
2347167796,2016-04-27,11423,7.58,0.00,1.86,0.40,5.32,0.00,26.00,9.00,295.00,623,2194
2873212765,2016-04-27,3516,2.36,0.00,0.00,0.00,2.36,0.00,46.00,0.00,197.00,1197,1966
3372868164,2016-04-27,7904,5.42,0.00,1.58,0.63,3.19,0.01,24.00,13.00,346.00,1057,2095
3977333714,2016-04-27,7193,5.04,0.00,0.00,0.42,4.62,0.00,0.00,10.00,176.00,714,1377
4020332650,2016-04-27,0,0.00,0.00,0.00,0.00,0.00,0.00,0.00,0.00,0.00,1440,1980
4319703577,2016-04-27,10780,7.23,0.00,0.41,1.92,4.91,0.00,6.00,47.00,300.00,680,2324
4388161847,2016-04-27,11193,8.61,0.00,0.70,2.51,5.39,0.00,11.00,48.00,241.00,684,3074
4445114986,2016-04-27,7243,5.03,0.00,2.62,0.03,2.38,0.00,32.00,1.00,194.00,839,2361
4558609924,2016-04-27,9557,6.32,0.00,1.96,0.89,3.46,0.00,27.00,14.00,312.00,1087,2098
4702921684,2016-04-27,7047,5.72,0.00,0.09,0.80,4.78,0.00,1.00,16.00,238.00,733,2908
5553957443,2016-04-27,10538,6.88,0.00,1.14,1.00,4.74,0.00,16.00,16.00,206.00,745,1922
5577150313,2016-04-27,6805,5.14,0.00,1.81,0.40,2.93,0.00,63.00,16.00,190.00,773,3294
6117666160,2016-04-27,9411,7.11,0.00,0.00,0.00,7.11,0.00,0.00,0.00,458.00,417,2576
6290855005,2016-04-27,5565,4.21,0.00,0.00,0.00,4.18,0.03,0.00,0.00,287.00,1153,2743
6775888955,2016-04-27,0,0.00,0.00,0.00,0.00,0.00,0.00,0.00,0.00,0.00,1440,1841
6962181067,2016-04-27,10320,6.82,0.00,0.55,2.02,4.25,0.00,7.00,38.00,279.00,697,2034
7007744171,2016-04-27,13541,10.22,4.89,4.27,0.66,5.29,0.00,50.00,12.00,337.00,1041,2830
7086361926,2016-04-27,11107,8.34,0.00,5.63,0.18,2.53,0.00,55.00,6.00,145.00,829,2693
8053475328,2016-04-27,12422,9.82,0.00,6.46,0.43,2.93,0.00,60.00,10.00,183.00,1187,2852
8253242879,2016-04-27,10232,8.18,0.00,6.24,0.23,1.70,0.00,45.00,5.00,104.00,1286,2008
8378563200,2016-04-27,7359,5.84,0.00,0.33,0.18,5.33,0.00,4.00,4.00,192.00,676,3061
8583815059,2016-04-27,12474,9.73,0.00,6.60,0.27,2.87,0.00,77.00,5.00,129.00,1229,3142
8792009665,2016-04-27,1758,1.13,0.00,0.00,0.00,1.13,0.00,0.00,0.00,112.00,900,2067
8877689391,2016-04-27,23629,20.65,0.00,13.07,0.44,7.10,0.00,93.00,8.00,235.00,1104,3808
1503960366,2016-04-28,13154,8.53,0.00,3.54,1.16,3.79,0.00,48.00,28.00,189.00,782,1898
1624580081,2016-04-28,2759,1.79,0.00,0.00,0.20,1.60,0.00,0.00,5.00,115.00,1320,1401
1644430081,2016-04-28,9405,6.84,0.00,0.20,2.32,4.31,0.00,3.00,53.00,227.00,1157,3108
1844505072,2016-04-28,6907,4.57,0.00,0.00,0.00,4.56,0.00,0.00,0.00,302.00,1138,1992
1927972279,2016-04-28,1675,1.16,0.00,0.00,0.00,1.16,0.00,0.00,0.00,95.00,1167,2351
2022484408,2016-04-28,10140,7.12,0.00,0.41,1.33,5.39,0.00,6.00,20.00,291.00,1123,2296
2026352035,2016-04-28,6375,3.95,0.00,0.00,0.00,3.95,0.00,0.00,0.00,331.00,626,1649
2320127002,2016-04-28,1532,1.03,0.00,0.00,0.00,1.03,0.00,0.00,0.00,76.00,1364,1473
2347167796,2016-04-28,5439,3.60,0.00,0.00,0.00,3.60,0.00,0.00,0.00,229.00,764,1854
2873212765,2016-04-28,7913,5.41,0.00,2.16,0.34,2.91,0.00,28.00,7.00,213.00,1192,1835
3372868164,2016-04-28,5512,3.76,0.00,0.00,0.00,3.76,0.00,0.00,0.00,385.00,1055,1972
3977333714,2016-04-28,7114,4.88,0.00,1.37,0.29,3.22,0.00,15.00,8.00,190.00,804,1407
4020332650,2016-04-28,0,0.00,0.00,0.00,0.00,0.00,0.00,0.00,0.00,0.00,1440,1980
4319703577,2016-04-28,10817,7.28,0.00,1.01,0.33,5.94,0.00,13.00,8.00,359.00,552,2367
4388161847,2016-04-28,10074,7.75,0.00,1.29,0.43,6.03,0.00,19.00,9.00,234.00,878,2969
4445114986,2016-04-28,4493,3.01,0.00,0.00,0.00,3.01,0.00,0.00,0.00,236.00,762,2203
4558609924,2016-04-28,9451,6.25,0.00,0.02,0.27,5.95,0.00,1.00,11.00,367.00,985,2185
4702921684,2016-04-28,9023,7.32,0.00,1.13,0.42,5.77,0.00,14.00,9.00,232.00,738,3033
5553957443,2016-04-28,11393,7.63,0.00,3.71,0.75,3.17,0.00,49.00,13.00,165.00,727,1999
5577150313,2016-04-28,9841,7.43,0.00,3.25,1.17,3.01,0.00,99.00,51.00,141.00,692,3580
6117666160,2016-04-28,3403,2.60,0.00,0.00,0.00,2.60,0.00,0.00,0.00,141.00,758,1879
6290855005,2016-04-28,5731,4.33,0.00,0.00,0.00,4.33,0.00,0.00,0.00,255.00,1185,2687
6775888955,2016-04-28,703,0.50,0.00,0.06,0.20,0.24,0.00,2.00,13.00,15.00,1410,1993
6962181067,2016-04-28,12627,8.35,0.00,2.51,0.24,5.59,0.00,38.00,8.00,288.00,621,2182
7007744171,2016-04-28,15128,10.12,0.00,1.09,0.77,8.26,0.00,16.00,16.00,401.00,1007,2836
7086361926,2016-04-28,11584,7.80,0.00,2.79,1.64,3.36,0.00,54.00,48.00,161.00,810,2862
8053475328,2016-04-28,15447,12.40,0.00,9.67,0.39,2.35,0.00,90.00,9.00,153.00,1188,3062
8253242879,2016-04-28,2718,1.80,0.00,0.67,0.78,0.34,0.00,11.00,16.00,20.00,1393,1580
8378563200,2016-04-28,5417,4.30,0.00,0.90,0.49,2.91,0.00,11.00,10.00,139.00,711,2884
8583815059,2016-04-28,6174,4.82,0.00,0.00,1.20,3.61,0.00,0.00,28.00,203.00,1209,2757
8792009665,2016-04-28,6157,3.94,0.00,0.00,0.00,3.94,0.00,0.00,0.00,310.00,714,2780
8877689391,2016-04-28,14890,11.30,0.00,4.93,0.38,5.97,0.00,58.00,8.00,231.00,1143,3060
1503960366,2016-04-29,11181,7.15,0.00,1.06,0.50,5.58,0.00,16.00,12.00,243.00,815,1837
1624580081,2016-04-29,2390,1.55,0.00,0.00,0.00,1.55,0.00,0.00,0.00,150.00,1290,1404
1644430081,2016-04-29,3176,2.31,0.00,0.00,0.00,2.31,0.00,0.00,0.00,120.00,1193,2498
1844505072,2016-04-29,4920,3.25,0.00,0.00,0.00,3.25,0.00,0.00,0.00,247.00,1082,1856
1927972279,2016-04-29,0,0.00,0.00,0.00,0.00,0.00,0.00,0.00,0.00,0.00,1440,2063
2022484408,2016-04-29,10245,7.19,0.00,0.48,1.21,5.50,0.00,21.00,40.00,281.00,1098,2611
2026352035,2016-04-29,7604,4.71,0.00,0.00,0.00,4.71,0.00,0.00,0.00,352.00,492,1692
2320127002,2016-04-29,924,0.62,0.00,0.00,0.00,0.62,0.00,0.00,0.00,45.00,1395,1410
2347167796,2016-04-29,42,0.03,0.00,0.00,0.00,0.03,0.00,0.00,0.00,4.00,2,403
2873212765,2016-04-29,7365,4.95,0.00,1.36,1.41,2.18,0.00,20.00,23.00,206.00,1191,1780
3372868164,2016-04-29,9135,6.23,0.00,0.00,0.00,6.22,0.01,0.00,0.00,402.00,1038,2044
3977333714,2016-04-29,10645,7.75,0.00,3.74,1.30,2.71,0.00,36.00,32.00,150.00,744,1545
4020332650,2016-04-29,0,0.00,0.00,0.00,0.00,0.00,0.00,0.00,0.00,0.00,1440,1980
4319703577,2016-04-29,7990,5.36,0.00,0.45,0.79,4.12,0.00,6.00,18.00,289.00,624,2175
4388161847,2016-04-29,9232,7.10,0.00,0.80,0.89,5.42,0.00,13.00,16.00,236.00,1175,2979
4445114986,2016-04-29,4676,3.14,0.00,0.00,0.00,3.13,0.00,0.00,0.00,226.00,1106,2196
4558609924,2016-04-29,7833,5.18,0.00,1.02,1.85,2.31,0.00,15.00,29.00,197.00,1096,1918
4702921684,2016-04-29,9930,8.05,0.00,1.06,0.92,6.07,0.00,12.00,19.00,267.00,692,3165
5553957443,2016-04-29,12764,8.33,0.00,2.79,0.64,4.91,0.00,46.00,15.00,270.00,709,2169
5577150313,2016-04-29,7924,5.92,0.00,2.84,0.61,2.47,0.00,97.00,36.00,165.00,739,3544
6117666160,2016-04-29,9592,7.24,0.00,0.00,0.00,7.24,0.00,0.00,0.00,461.00,479,2560
6290855005,2016-04-29,0,0.00,0.00,0.00,0.00,0.00,0.00,0.00,0.00,0.00,1440,2060
6775888955,2016-04-29,0,0.00,0.00,0.00,0.00,0.00,0.00,0.00,0.00,0.00,1440,1841
6962181067,2016-04-29,10762,7.11,0.00,0.82,0.48,5.81,0.00,12.00,15.00,369.00,645,2254
7007744171,2016-04-29,20067,14.30,4.91,4.31,2.05,7.95,0.00,55.00,42.00,382.00,961,3180
7086361926,2016-04-29,7881,4.95,0.00,0.49,0.45,4.00,0.00,24.00,36.00,182.00,1198,2616
8053475328,2016-04-29,12315,9.65,0.00,6.17,0.31,3.17,0.00,58.00,8.00,159.00,1215,2794
8253242879,2016-04-29,6260,4.26,0.00,1.29,0.54,2.40,0.00,16.00,14.00,136.00,1257,1854
8378563200,2016-04-29,6175,4.90,0.00,0.25,0.36,4.27,0.00,3.00,7.00,172.00,767,2982
8583815059,2016-04-29,15168,11.83,0.00,3.90,3.00,4.92,0.00,46.00,67.00,258.00,1069,3513
8792009665,2016-04-29,8360,5.35,0.00,0.14,0.28,4.93,0.00,6.00,14.00,380.00,634,3101
8877689391,2016-04-29,9733,7.39,0.00,1.38,0.17,5.79,0.00,18.00,5.00,210.00,1207,2698
1503960366,2016-04-30,14673,9.25,0.00,3.56,1.42,4.27,0.00,52.00,34.00,217.00,712,1947
1624580081,2016-04-30,6474,4.30,0.00,0.90,1.28,2.12,0.01,11.00,23.00,224.00,1182,1655
1644430081,2016-04-30,18213,13.24,0.00,0.63,3.14,9.46,0.00,9.00,71.00,402.00,816,3846
1844505072,2016-04-30,4014,2.67,0.00,0.00,0.00,2.65,0.00,0.00,0.00,184.00,218,1763
1927972279,2016-04-30,0,0.00,0.00,0.00,0.00,0.00,0.00,0.00,0.00,0.00,1440,2064
2022484408,2016-04-30,18387,12.91,0.00,0.94,1.40,10.57,0.00,13.00,23.00,361.00,1043,2732
2026352035,2016-04-30,4729,2.93,0.00,0.00,0.00,2.93,0.00,0.00,0.00,233.00,594,1506
2320127002,2016-04-30,4571,3.08,0.00,0.00,0.00,3.07,0.00,0.00,0.00,234.00,1206,1779
2873212765,2016-04-30,8452,5.68,0.00,0.33,1.08,4.26,0.01,5.00,20.00,248.00,1167,1830
3372868164,2016-04-30,5250,3.58,0.00,1.06,0.09,2.42,0.01,17.00,4.00,300.00,1119,1946
3977333714,2016-04-30,13238,9.20,0.00,3.69,2.10,3.41,0.00,43.00,52.00,194.00,687,1650
4020332650,2016-04-30,0,0.00,0.00,0.00,0.00,0.00,0.00,0.00,0.00,0.00,1440,1980
4319703577,2016-04-30,8221,5.52,0.00,0.40,1.61,3.51,0.00,6.00,38.00,196.00,695,2092
4388161847,2016-04-30,12533,9.64,0.00,0.70,2.00,6.94,0.00,14.00,43.00,300.00,537,3283
4445114986,2016-04-30,6222,4.18,0.00,0.00,0.00,4.18,0.00,0.00,0.00,290.00,797,2363
4558609924,2016-04-30,10319,6.82,0.00,0.47,1.89,4.46,0.00,7.00,29.00,293.00,1111,2105
4702921684,2016-04-30,10144,8.23,0.00,0.32,2.03,5.88,0.00,4.00,36.00,263.00,728,3115
5553957443,2016-04-30,1202,0.78,0.00,0.00,0.00,0.78,0.00,0.00,0.00,84.00,506,1463
5577150313,2016-04-30,12363,9.24,0.00,5.83,0.79,2.61,0.00,207.00,45.00,163.00,621,4501
6117666160,2016-04-30,6987,5.28,0.00,0.00,0.00,5.28,0.00,0.00,0.00,343.00,1040,2275
6290855005,2016-04-30,6744,5.10,0.00,0.00,0.00,5.09,0.01,0.00,0.00,324.00,1116,2843
6775888955,2016-04-30,2503,1.79,0.00,0.16,0.16,1.48,0.00,3.00,9.00,84.00,1344,2280
6962181067,2016-04-30,10081,6.66,0.00,2.24,0.76,3.67,0.00,32.00,16.00,237.00,731,2002
7007744171,2016-04-30,3761,2.52,0.00,0.00,0.00,2.52,0.00,0.00,0.00,200.00,1240,2051
7086361926,2016-04-30,14560,9.41,0.00,3.12,1.04,5.24,0.00,42.00,17.00,308.00,584,2995
8053475328,2016-04-30,7135,5.59,0.00,2.99,0.06,2.54,0.00,27.00,1.00,131.00,1281,2408
8253242879,2016-04-30,0,0.00,0.00,0.00,0.00,0.00,0.00,0.00,0.00,0.00,1440,0
8378563200,2016-04-30,2946,2.34,0.00,0.00,0.00,2.34,0.00,0.00,0.00,121.00,780,2660
8583815059,2016-04-30,10085,7.87,0.00,0.15,1.28,6.43,0.00,2.00,28.00,317.00,1093,3164
8792009665,2016-04-30,7174,4.59,0.00,0.33,0.36,3.91,0.00,10.00,20.00,301.00,749,2896
8877689391,2016-04-30,27745,26.72,0.00,21.66,0.08,4.93,0.00,124.00,4.00,223.00,1089,4398
1503960366,2016-05-01,10602,6.81,0.00,2.29,1.60,2.92,0.00,33.00,35.00,246.00,730,1820
1624580081,2016-05-01,36019,28.03,0.00,21.92,4.19,1.91,0.02,186.00,63.00,171.00,1020,2690
1644430081,2016-05-01,6132,4.46,0.00,0.24,0.99,3.23,0.00,3.00,24.00,146.00,908,2696
1844505072,2016-05-01,2573,1.70,0.00,0.00,0.26,1.45,0.00,0.00,7.00,75.00,585,1541
1927972279,2016-05-01,2704,1.87,0.00,1.01,0.03,0.83,0.00,14.00,1.00,70.00,1355,2411
2022484408,2016-05-01,10538,7.40,0.00,1.94,0.96,4.50,0.00,25.00,28.00,245.00,1142,2380
2026352035,2016-05-01,3609,2.28,0.00,0.00,0.00,2.28,0.00,0.00,0.00,191.00,716,1447
2320127002,2016-05-01,772,0.52,0.00,0.00,0.00,0.52,0.00,0.00,0.00,40.00,1400,1403
2873212765,2016-05-01,7399,4.97,0.00,0.49,1.04,3.44,0.00,7.00,18.00,196.00,1219,1739
3372868164,2016-05-01,3077,2.10,0.00,0.00,0.00,2.09,0.00,0.00,0.00,172.00,842,1237
3977333714,2016-05-01,10414,7.07,0.00,2.67,1.98,2.41,0.00,41.00,40.00,124.00,691,1501
4020332650,2016-05-01,0,0.00,0.00,0.00,0.00,0.00,0.00,0.00,0.00,0.00,1440,1980
4319703577,2016-05-01,1251,0.84,0.00,0.00,0.00,0.84,0.00,0.00,0.00,67.00,836,1593
4388161847,2016-05-01,10255,7.89,0.00,1.01,0.68,6.20,0.00,12.00,15.00,241.00,579,2926
4445114986,2016-05-01,5232,3.51,0.00,0.00,0.00,3.51,0.00,0.00,0.00,240.00,741,2246
4558609924,2016-05-01,3428,2.27,0.00,0.00,0.00,2.27,0.00,0.00,0.00,190.00,1121,1692
4702921684,2016-05-01,0,0.00,0.00,0.00,0.00,0.00,0.00,0.00,0.00,0.00,1440,2017
5553957443,2016-05-01,5164,3.37,0.00,0.00,0.00,3.37,0.00,0.00,0.00,237.00,436,1747
5577150313,2016-05-01,13368,9.99,0.00,5.31,1.44,3.24,0.00,194.00,72.00,178.00,499,4546
6117666160,2016-05-01,8915,6.73,0.00,0.00,0.00,6.73,0.00,0.00,0.00,397.00,525,2361
6290855005,2016-05-01,9837,7.44,0.00,0.66,2.75,4.00,0.02,8.00,95.00,282.00,1055,3327
6775888955,2016-05-01,2487,1.78,0.00,0.48,0.62,0.68,0.00,9.00,34.00,50.00,1347,2319
6962181067,2016-05-01,5454,3.61,0.00,0.00,0.00,3.61,0.00,0.00,0.00,215.00,722,1740
7007744171,2016-05-01,5600,3.75,0.00,0.00,0.00,3.75,0.00,0.00,0.00,237.00,1142,2225
7086361926,2016-05-01,12390,8.07,0.00,2.30,0.90,4.85,0.00,30.00,15.00,258.00,685,2730
8053475328,2016-05-01,1170,0.85,0.00,0.00,0.00,0.85,0.00,0.00,0.00,51.00,1389,1886
8378563200,2016-05-01,11419,9.06,0.00,6.03,0.56,2.47,0.00,71.00,10.00,127.00,669,3369
8583815059,2016-05-01,4512,3.52,0.00,0.78,0.12,2.04,0.00,10.00,2.00,117.00,1311,2596
8792009665,2016-05-01,1619,1.04,0.00,0.00,0.00,1.04,0.00,0.00,0.00,79.00,834,1962
8877689391,2016-05-01,10930,8.32,0.00,3.13,0.57,4.57,0.00,36.00,12.00,166.00,1226,2786
1503960366,2016-05-02,14727,9.71,0.00,3.21,0.57,5.92,0.00,41.00,15.00,277.00,798,2004
1624580081,2016-05-02,7155,4.93,0.00,0.86,0.59,3.47,0.00,7.00,6.00,166.00,1261,1497
1644430081,2016-05-02,3758,2.73,0.00,0.07,0.31,2.35,0.00,1.00,7.00,148.00,682,2580
1844505072,2016-05-02,0,0.00,0.00,0.00,0.00,0.00,0.00,0.00,0.00,0.00,1440,1348
1927972279,2016-05-02,3790,2.62,0.00,1.16,0.30,1.16,0.00,16.00,8.00,94.00,1322,2505
2022484408,2016-05-02,10379,7.29,0.00,2.61,0.34,4.33,0.00,36.00,8.00,277.00,1119,2473
2026352035,2016-05-02,7018,4.35,0.00,0.00,0.00,4.35,0.00,0.00,0.00,355.00,716,1690
2320127002,2016-05-02,3634,2.45,0.00,0.36,0.21,1.88,0.00,5.00,6.00,123.00,1306,1613
2873212765,2016-05-02,7525,5.06,0.00,0.00,0.21,4.83,0.02,0.00,7.00,334.00,1099,1878
3977333714,2016-05-02,16520,11.05,0.00,1.54,6.48,3.02,0.00,24.00,143.00,176.00,713,1760
4020332650,2016-05-02,475,0.34,0.00,0.00,0.04,0.29,0.00,0.00,11.00,31.00,1350,2207
4319703577,2016-05-02,9261,6.24,0.00,0.00,0.44,5.71,0.00,0.00,11.00,344.00,585,2270
4388161847,2016-05-02,10096,8.40,0.00,3.77,0.08,4.55,0.00,33.00,4.00,204.00,935,3147
4445114986,2016-05-02,6910,4.75,0.00,2.21,0.19,2.35,0.00,27.00,4.00,200.00,667,2336
4558609924,2016-05-02,7891,5.22,0.00,0.00,0.00,5.22,0.00,0.00,0.00,383.00,1057,2066
4702921684,2016-05-02,7245,5.92,0.00,0.38,1.74,3.76,0.00,5.00,40.00,195.00,1131,2859
5553957443,2016-05-02,9769,6.38,0.00,1.06,0.41,4.90,0.00,23.00,9.00,227.00,724,1996
5577150313,2016-05-02,7439,5.56,0.00,1.12,0.35,4.07,0.00,37.00,20.00,235.00,732,3014
6117666160,2016-05-02,4933,3.73,0.00,0.00,0.00,3.73,0.00,0.00,0.00,236.00,1204,2044
6290855005,2016-05-02,6781,5.13,0.00,0.00,0.00,5.11,0.02,0.00,0.00,268.00,1172,2725
6775888955,2016-05-02,0,0.00,0.00,0.00,0.00,0.00,0.00,0.00,0.00,0.00,1440,1841
6962181067,2016-05-02,12912,8.54,0.00,1.20,2.00,5.34,0.00,18.00,39.00,313.00,655,2162
7007744171,2016-05-02,13041,9.18,2.83,4.64,0.70,3.83,0.00,64.00,14.00,250.00,1112,2642
7086361926,2016-05-02,10052,6.81,0.00,3.48,0.66,2.66,0.00,66.00,26.00,139.00,737,2754
8053475328,2016-05-02,1969,1.43,0.00,0.00,0.00,1.43,0.00,0.00,0.00,95.00,1345,1988
8378563200,2016-05-02,6064,4.81,2.09,0.63,0.17,4.01,0.00,63.00,4.00,142.00,802,3491
8583815059,2016-05-02,8469,6.61,0.00,0.00,0.00,0.00,0.00,0.00,0.00,0.00,1440,2894
8792009665,2016-05-02,1831,1.17,0.00,0.00,0.00,1.17,0.00,0.00,0.00,101.00,916,2015
8877689391,2016-05-02,4790,3.64,0.00,0.00,0.00,3.56,0.00,0.00,0.00,105.00,1335,2189
1503960366,2016-05-03,15103,9.66,0.00,3.73,1.05,4.88,0.00,50.00,24.00,254.00,816,1990
1624580081,2016-05-03,2100,1.37,0.00,0.00,0.00,1.34,0.02,0.00,0.00,96.00,1344,1334
1644430081,2016-05-03,12850,9.34,0.00,0.72,4.09,4.54,0.00,10.00,94.00,221.00,1115,3324
1844505072,2016-05-03,4059,2.68,0.00,0.00,0.00,2.68,0.00,0.00,0.00,184.00,1256,1742
1927972279,2016-05-03,1326,0.92,0.00,0.73,0.00,0.18,0.00,10.00,0.00,17.00,1413,2195
2022484408,2016-05-03,12183,8.74,0.00,3.99,0.46,4.28,0.00,72.00,14.00,250.00,1104,2752
2026352035,2016-05-03,5992,3.72,0.00,0.00,0.00,3.72,0.00,0.00,0.00,304.00,981,1604
2320127002,2016-05-03,7443,5.02,0.00,1.49,0.37,3.16,0.00,20.00,10.00,206.00,1204,1878
2873212765,2016-05-03,7412,4.98,0.00,0.06,0.25,4.66,0.01,1.00,6.00,363.00,1070,1906
3977333714,2016-05-03,14335,9.59,0.00,3.32,1.74,4.53,0.00,47.00,41.00,258.00,594,1710
4020332650,2016-05-03,4496,3.22,0.00,0.00,0.00,3.15,0.05,0.00,0.00,174.00,950,2828
4319703577,2016-05-03,9648,6.47,0.00,0.58,1.07,4.83,0.00,8.00,26.00,287.00,669,2235
4388161847,2016-05-03,12727,9.79,0.00,1.13,0.78,7.88,0.00,18.00,18.00,306.00,984,3290
4445114986,2016-05-03,7502,5.18,0.00,2.48,0.11,2.58,0.00,30.00,2.00,233.00,725,2421
4558609924,2016-05-03,5267,3.48,0.00,0.60,0.28,2.60,0.00,21.00,10.00,237.00,1172,1953
4702921684,2016-05-03,9454,7.67,0.00,0.00,0.00,7.67,0.00,0.00,0.00,313.00,729,3145
5553957443,2016-05-03,12848,8.39,0.00,1.50,1.20,5.68,0.00,26.00,29.00,247.00,812,2116
5577150313,2016-05-03,11045,8.25,0.00,4.52,0.15,3.57,0.00,97.00,8.00,212.00,580,3795
6117666160,2016-05-03,0,0.00,0.00,0.00,0.00,0.00,0.00,0.00,0.00,0.00,1440,1496
6290855005,2016-05-03,6047,4.57,0.00,0.00,0.00,4.57,0.00,0.00,0.00,240.00,1200,2671
6775888955,2016-05-03,9,0.01,0.00,0.00,0.00,0.01,0.00,0.00,0.00,1.00,1439,1843
6962181067,2016-05-03,12109,8.12,0.00,1.74,2.04,4.33,0.00,21.00,36.00,267.00,654,2072
7007744171,2016-05-03,14510,10.87,4.91,4.48,1.02,5.36,0.00,58.00,31.00,330.00,1021,2976
7086361926,2016-05-03,10288,6.76,0.00,2.74,0.85,3.16,0.00,57.00,36.00,152.00,761,2754
8053475328,2016-05-03,15484,11.90,0.00,8.39,0.93,2.59,0.00,87.00,22.00,165.00,1166,3023
8378563200,2016-05-03,8712,6.91,2.25,1.34,1.06,4.50,0.00,71.00,20.00,195.00,822,3784
8583815059,2016-05-03,12015,9.37,0.00,0.00,0.00,0.00,0.00,0.00,0.00,0.00,1440,3212
8792009665,2016-05-03,2421,1.55,0.00,0.00,0.00,1.55,0.00,0.00,0.00,156.00,739,2297
8877689391,2016-05-03,10818,8.21,0.00,1.39,0.10,6.67,0.01,19.00,3.00,229.00,1189,2817
1503960366,2016-05-04,11100,7.15,0.00,2.46,0.87,3.82,0.00,36.00,22.00,203.00,1179,1819
1624580081,2016-05-04,2193,1.43,0.00,0.00,0.00,1.42,0.00,0.00,0.00,118.00,1322,1368
1644430081,2016-05-04,2309,1.68,0.00,0.00,0.00,1.66,0.02,0.00,0.00,52.00,1388,2222
1844505072,2016-05-04,2080,1.37,0.00,0.00,0.00,1.37,0.00,0.00,0.00,87.00,1353,1549
1927972279,2016-05-04,1786,1.24,0.00,0.00,0.00,1.24,0.00,0.00,0.00,87.00,1353,2338
2022484408,2016-05-04,11768,8.29,0.00,2.51,0.93,4.85,0.00,36.00,27.00,272.00,1105,2649
2026352035,2016-05-04,6564,4.07,0.00,0.00,0.00,4.07,0.00,0.00,0.00,345.00,530,1658
2320127002,2016-05-04,1201,0.81,0.00,0.00,0.00,0.81,0.00,0.00,0.00,52.00,1388,1426
2873212765,2016-05-04,8278,5.56,0.00,0.00,0.00,5.56,0.00,0.00,0.00,420.00,1020,2015
3977333714,2016-05-04,13559,9.44,0.00,1.81,4.58,2.89,0.00,14.00,96.00,142.00,852,1628
4020332650,2016-05-04,10252,7.35,0.00,0.67,1.04,5.58,0.00,13.00,46.00,346.00,531,3879
4319703577,2016-05-04,10429,7.02,0.00,0.59,0.58,5.85,0.00,8.00,13.00,313.00,1106,2282
4388161847,2016-05-04,12375,9.52,0.00,2.79,0.93,5.80,0.00,35.00,21.00,251.00,632,3162
4445114986,2016-05-04,2923,1.96,0.00,0.00,0.00,1.96,0.00,0.00,0.00,180.00,897,2070
4558609924,2016-05-04,5232,3.46,0.00,0.00,0.00,3.46,0.00,0.00,0.00,252.00,1188,1842
4702921684,2016-05-04,8161,6.62,0.00,0.34,0.73,5.54,0.00,4.00,15.00,251.00,757,3004
5553957443,2016-05-04,4249,2.77,0.00,0.00,0.00,2.77,0.00,0.00,0.00,224.00,651,1698
5577150313,2016-05-04,5206,3.89,0.00,1.56,0.25,2.08,0.00,25.00,9.00,141.00,631,2755
6117666160,2016-05-04,2997,2.26,0.00,0.00,0.00,2.26,0.00,0.00,0.00,156.00,1279,1902
6290855005,2016-05-04,5832,4.41,0.00,0.00,0.00,4.40,0.01,0.00,0.00,272.00,1168,2718
6775888955,2016-05-04,0,0.00,0.00,0.00,0.00,0.00,0.00,0.00,0.00,0.00,1440,1841
6962181067,2016-05-04,10147,6.71,0.00,0.47,1.68,4.55,0.00,15.00,36.00,284.00,683,2086
7007744171,2016-05-04,0,0.00,0.00,0.00,0.00,0.00,0.00,0.00,0.00,0.00,1440,1557
7086361926,2016-05-04,10988,8.31,0.00,5.28,0.12,2.90,0.00,45.00,12.00,135.00,843,2655
8053475328,2016-05-04,14581,11.15,0.00,8.82,0.40,1.91,0.00,89.00,8.00,123.00,1220,2918
8378563200,2016-05-04,7875,6.24,0.00,1.56,0.49,4.20,0.00,19.00,10.00,167.00,680,3110
8583815059,2016-05-04,3588,2.80,0.00,0.00,0.00,0.00,0.00,0.00,0.00,0.00,1440,2516
8792009665,2016-05-04,2283,1.46,0.00,0.00,0.00,1.46,0.00,0.00,0.00,129.00,848,2067
8877689391,2016-05-04,18193,16.30,0.00,10.42,0.31,5.53,0.00,66.00,8.00,212.00,1154,3477
1503960366,2016-05-05,14070,8.90,0.00,2.92,1.08,4.88,0.00,45.00,24.00,250.00,857,1959
1624580081,2016-05-05,2470,1.61,0.00,0.00,0.00,1.58,0.02,0.00,0.00,117.00,1323,1370
1644430081,2016-05-05,4363,3.19,0.00,0.52,0.54,2.13,0.01,6.00,12.00,81.00,1341,2463
1844505072,2016-05-05,2237,1.48,0.00,0.00,0.00,1.48,0.00,0.00,0.00,120.00,1320,1589
1927972279,2016-05-05,0,0.00,0.00,0.00,0.00,0.00,0.00,0.00,0.00,0.00,1440,2063
2022484408,2016-05-05,11895,8.35,0.00,2.79,0.86,4.70,0.00,55.00,20.00,253.00,1112,2609
2026352035,2016-05-05,12167,7.54,0.00,0.00,0.00,7.54,0.00,0.00,0.00,475.00,479,1926
2320127002,2016-05-05,5202,3.51,0.00,0.00,0.39,3.11,0.00,0.00,11.00,223.00,1206,1780
2873212765,2016-05-05,8314,5.61,0.00,0.78,0.80,4.03,0.00,13.00,23.00,311.00,1093,1971
3977333714,2016-05-05,12312,8.58,0.00,1.76,4.11,2.71,0.00,14.00,88.00,178.00,680,1618
4020332650,2016-05-05,11728,8.43,0.00,2.62,1.68,4.04,0.07,38.00,42.00,196.00,916,3429
4319703577,2016-05-05,13658,9.49,0.00,2.63,1.41,5.45,0.00,27.00,34.00,328.00,957,2530
4388161847,2016-05-05,9603,7.38,0.00,0.63,1.67,5.09,0.00,12.00,39.00,199.00,896,2899
4445114986,2016-05-05,3800,2.55,0.00,0.12,0.24,2.18,0.00,2.00,6.00,185.00,734,2120
4558609924,2016-05-05,10611,7.01,0.00,1.01,0.50,5.51,0.00,14.00,8.00,370.00,1048,2262
4702921684,2016-05-05,8614,6.99,0.00,0.67,0.22,6.09,0.00,8.00,5.00,241.00,745,3006
5553957443,2016-05-05,14331,9.51,0.00,3.43,1.66,4.43,0.00,44.00,29.00,241.00,692,2156
5577150313,2016-05-05,7550,5.64,0.00,2.50,0.47,2.67,0.00,45.00,21.00,143.00,1153,3004
6117666160,2016-05-05,9799,7.40,0.00,0.00,0.00,7.40,0.00,0.00,0.00,487.00,479,2636
6290855005,2016-05-05,6339,4.79,0.00,0.00,0.00,4.79,0.00,0.00,0.00,239.00,1201,2682
6775888955,2016-05-05,0,0.00,0.00,0.00,0.00,0.00,0.00,0.00,0.00,0.00,1440,1841
6962181067,2016-05-05,10524,6.96,0.00,0.99,1.16,4.81,0.00,14.00,22.00,305.00,591,2066
7007744171,2016-05-05,15010,11.10,4.88,4.33,1.29,5.48,0.00,53.00,23.00,317.00,1047,2933
7086361926,2016-05-05,8564,5.60,0.00,1.78,0.83,2.95,0.00,24.00,14.00,149.00,1253,2386
8053475328,2016-05-05,14990,11.51,0.00,8.85,0.45,2.21,0.00,93.00,9.00,130.00,1208,2950
8378563200,2016-05-05,8567,6.79,2.25,0.89,0.16,5.74,0.00,66.00,3.00,214.00,764,3783
8583815059,2016-05-05,12427,9.69,0.00,0.00,0.00,1.18,0.00,0.00,0.00,70.00,1370,3266
8792009665,2016-05-05,0,0.00,0.00,0.00,0.00,0.00,0.00,0.00,0.00,0.00,1440,1688
8877689391,2016-05-05,14055,10.67,0.00,5.46,0.82,4.37,0.00,67.00,15.00,188.00,1170,3052
1503960366,2016-05-06,12159,8.03,0.00,1.97,0.25,5.81,0.00,24.00,6.00,289.00,754,1896
1624580081,2016-05-06,1727,1.12,0.00,0.00,0.00,1.12,0.01,0.00,0.00,102.00,1338,1341
1644430081,2016-05-06,9787,7.12,0.00,0.82,0.27,6.01,0.02,11.00,6.00,369.00,1054,3328
1844505072,2016-05-06,44,0.03,0.00,0.00,0.00,0.03,0.00,0.00,0.00,2.00,1438,1351
1927972279,2016-05-06,2091,1.45,0.00,0.00,0.00,1.45,0.00,0.00,0.00,108.00,1332,2383
2022484408,2016-05-06,10227,7.18,0.00,1.87,0.67,4.64,0.00,24.00,17.00,295.00,1104,2498
2026352035,2016-05-06,8198,5.08,0.00,0.00,0.00,5.08,0.00,0.00,0.00,383.00,511,1736
2320127002,2016-05-06,4878,3.29,0.00,0.00,0.00,3.29,0.00,0.00,0.00,204.00,1236,1742
2873212765,2016-05-06,7063,4.75,0.00,0.00,0.12,4.61,0.01,0.00,5.00,370.00,1065,1910
3977333714,2016-05-06,11677,8.28,0.00,3.11,2.51,2.67,0.00,29.00,55.00,168.00,676,1590
4020332650,2016-05-06,4369,3.13,0.00,0.00,0.00,3.10,0.01,0.00,0.00,177.00,855,2704
4319703577,2016-05-06,9524,6.42,0.00,0.41,0.47,5.46,0.00,6.00,11.00,314.00,692,2266
4388161847,2016-05-06,13175,10.13,0.00,2.11,2.09,5.93,0.00,33.00,45.00,262.00,1100,3425
4445114986,2016-05-06,4514,3.03,0.00,0.00,0.00,3.03,0.00,0.00,0.00,229.00,809,2211
4558609924,2016-05-06,3755,2.48,0.00,0.00,0.00,2.48,0.00,0.00,0.00,202.00,1238,1722
4702921684,2016-05-06,6943,5.63,0.00,0.08,0.66,4.87,0.00,1.00,16.00,207.00,682,2859
5553957443,2016-05-06,9632,6.29,0.00,1.52,0.54,4.23,0.00,21.00,9.00,229.00,761,1916
5577150313,2016-05-06,4950,3.70,0.00,1.93,0.32,1.45,0.00,41.00,16.00,79.00,1304,2643
6117666160,2016-05-06,3365,2.68,0.00,0.00,0.00,2.68,0.00,0.00,0.00,133.00,673,1838
6290855005,2016-05-06,6116,4.62,0.00,0.00,0.00,4.59,0.03,0.00,0.00,305.00,1135,2806
6775888955,2016-05-06,4697,3.37,0.00,0.47,0.93,1.93,0.00,12.00,35.00,75.00,1318,2496
6962181067,2016-05-06,5908,3.91,0.00,0.00,0.00,3.91,0.00,0.00,0.00,299.00,717,1850
7007744171,2016-05-06,11459,7.67,0.00,3.00,0.81,3.86,0.00,44.00,13.00,247.00,1136,2553
7086361926,2016-05-06,12461,8.38,0.00,3.82,1.43,3.12,0.00,84.00,35.00,154.00,834,2924
8053475328,2016-05-06,13953,11.00,0.00,9.10,0.69,1.21,0.00,90.00,15.00,90.00,1245,2859
8378563200,2016-05-06,7045,5.59,2.09,1.55,0.25,3.78,0.00,74.00,5.00,166.00,831,3644
8583815059,2016-05-06,5843,4.56,0.00,0.14,1.19,3.23,0.00,2.00,22.00,166.00,1250,2683
8792009665,2016-05-06,0,0.00,0.00,0.00,0.00,0.00,0.00,0.00,0.00,0.00,1440,1688
8877689391,2016-05-06,21727,19.34,0.00,12.79,0.29,6.16,0.00,96.00,17.00,232.00,1095,4015
1503960366,2016-05-07,11992,7.71,0.00,2.46,2.12,3.13,0.00,37.00,46.00,175.00,833,1821
1624580081,2016-05-07,2104,1.37,0.00,0.00,0.00,1.37,0.00,0.00,0.00,182.00,1258,1474
1644430081,2016-05-07,13372,9.72,0.00,3.26,0.79,5.67,0.01,41.00,17.00,243.00,1139,3404
1844505072,2016-05-07,0,0.00,0.00,0.00,0.00,0.00,0.00,0.00,0.00,0.00,1440,1347
1927972279,2016-05-07,1510,1.04,0.00,0.00,0.00,1.04,0.00,0.00,0.00,48.00,1392,2229
2022484408,2016-05-07,6708,4.71,0.00,1.61,0.08,3.02,0.00,20.00,2.00,149.00,1269,1995
2026352035,2016-05-07,4193,2.60,0.00,0.00,0.00,2.60,0.00,0.00,0.00,229.00,665,1491
2320127002,2016-05-07,7379,4.97,0.00,0.00,0.00,4.97,0.00,0.00,0.00,319.00,1121,1972
2873212765,2016-05-07,4940,3.38,0.00,2.28,0.55,0.55,0.00,75.00,11.00,52.00,1302,1897
3977333714,2016-05-07,11550,7.73,0.00,0.00,4.13,3.59,0.00,0.00,86.00,208.00,703,1574
4020332650,2016-05-07,6132,4.40,0.00,0.00,0.00,3.58,0.00,0.00,0.00,184.00,1256,2975
4319703577,2016-05-07,7937,5.33,0.00,0.19,1.05,4.08,0.00,3.00,28.00,279.00,586,2158
4388161847,2016-05-07,22770,17.54,0.00,9.45,2.77,5.33,0.00,120.00,56.00,260.00,508,4022
4445114986,2016-05-07,5183,3.59,0.00,2.13,0.19,1.25,0.00,26.00,4.00,108.00,866,2123
4558609924,2016-05-07,8237,5.44,0.00,1.61,1.00,2.83,0.00,23.00,16.00,233.00,1116,1973
4702921684,2016-05-07,14370,11.65,0.00,0.37,2.31,8.97,0.00,5.00,46.00,439.00,577,3683
5553957443,2016-05-07,1868,1.22,0.00,0.00,0.00,1.22,0.00,0.00,0.00,96.00,902,1494
5577150313,2016-05-07,0,0.00,0.00,0.00,0.00,0.00,0.00,0.00,0.00,0.00,1440,1819
6117666160,2016-05-07,7336,5.54,0.00,0.00,0.00,5.54,0.00,0.00,0.00,412.00,456,2469
6290855005,2016-05-07,5510,4.17,0.00,0.00,0.00,4.16,0.00,0.00,0.00,227.00,1213,2613
6775888955,2016-05-07,1967,1.41,0.00,0.13,0.24,1.05,0.00,2.00,5.00,49.00,551,1032
6962181067,2016-05-07,6815,4.50,0.00,0.00,0.00,4.50,0.00,0.00,0.00,328.00,745,1947
7007744171,2016-05-07,0,0.00,0.00,0.00,0.00,0.00,0.00,0.00,0.00,0.00,111,120
7086361926,2016-05-07,12827,8.48,0.00,1.46,2.33,4.68,0.00,20.00,42.00,209.00,621,2739
8053475328,2016-05-07,19769,15.67,0.00,12.44,0.88,2.35,0.00,121.00,20.00,148.00,1076,3331
8378563200,2016-05-07,4468,3.54,0.00,0.00,0.00,3.54,0.00,0.00,0.00,158.00,851,2799
8583815059,2016-05-07,6117,4.77,0.00,0.00,0.00,4.77,0.00,0.00,0.00,250.00,1190,2810
8792009665,2016-05-07,0,0.00,0.00,0.00,0.00,0.00,0.00,0.00,0.00,0.00,1440,1688
8877689391,2016-05-07,12332,8.13,0.00,0.08,0.96,6.99,0.00,105.00,28.00,271.00,1036,4142
1503960366,2016-05-08,10060,6.58,0.00,3.53,0.32,2.73,0.00,44.00,8.00,203.00,574,1740
1624580081,2016-05-08,3427,2.23,0.00,0.00,0.00,2.22,0.00,0.00,0.00,152.00,1288,1427
1644430081,2016-05-08,6724,4.89,0.00,0.00,0.00,4.88,0.00,0.00,0.00,295.00,991,2987
1844505072,2016-05-08,0,0.00,0.00,0.00,0.00,0.00,0.00,0.00,0.00,0.00,1440,1347
1927972279,2016-05-08,0,0.00,0.00,0.00,0.00,0.00,0.00,0.00,0.00,0.00,1440,2063
2022484408,2016-05-08,3292,2.31,0.00,0.00,0.00,2.31,0.00,0.00,0.00,135.00,1305,1848
2026352035,2016-05-08,5528,3.45,0.00,0.00,0.00,3.45,0.00,0.00,0.00,258.00,610,1555
2320127002,2016-05-08,5161,3.48,0.00,0.00,0.00,3.47,0.00,0.00,0.00,247.00,1193,1821
2873212765,2016-05-08,8168,5.54,0.00,2.90,0.00,2.64,0.00,46.00,0.00,326.00,1068,2096
3977333714,2016-05-08,13585,9.09,0.00,0.68,5.24,3.17,0.00,9.00,116.00,171.00,688,1633
4020332650,2016-05-08,5862,4.20,0.00,0.00,0.00,4.15,0.00,0.00,0.00,263.00,775,3089
4319703577,2016-05-08,3672,2.46,0.00,0.00,0.00,2.46,0.00,0.00,0.00,153.00,603,1792
4388161847,2016-05-08,17298,14.38,0.00,9.89,1.26,3.23,0.00,107.00,38.00,178.00,576,3934
4445114986,2016-05-08,7303,4.90,0.00,0.00,0.25,4.65,0.00,0.00,8.00,308.00,733,2423
4558609924,2016-05-08,6543,4.33,0.00,1.80,0.50,2.02,0.00,66.00,35.00,238.00,1019,2666
4702921684,2016-05-08,12857,10.43,0.00,0.68,6.21,3.54,0.00,9.00,125.00,192.00,1019,3287
5553957443,2016-05-08,6083,4.00,0.00,0.22,0.47,3.30,0.00,3.00,8.00,210.00,505,1762
5577150313,2016-05-08,0,0.00,0.00,0.00,0.00,0.00,0.00,0.00,0.00,0.00,1440,1819
6117666160,2016-05-08,7328,5.53,0.00,0.00,0.00,5.53,0.00,0.00,0.00,318.00,517,2250
6290855005,2016-05-08,7706,5.83,0.00,0.00,0.00,5.82,0.00,0.00,0.00,251.00,1189,2712
6962181067,2016-05-08,4188,2.77,0.00,0.00,0.52,2.25,0.00,0.00,14.00,151.00,709,1659
7086361926,2016-05-08,10677,7.10,0.00,2.31,1.53,3.25,0.00,32.00,27.00,147.00,695,2534
8053475328,2016-05-08,22026,17.65,0.00,13.40,0.59,3.66,0.00,125.00,14.00,228.00,1073,3589
8378563200,2016-05-08,2943,2.33,0.00,0.00,0.00,2.33,0.00,0.00,0.00,139.00,621,2685
8583815059,2016-05-08,9217,7.19,0.00,0.22,3.31,3.66,0.00,3.00,72.00,182.00,1183,2940
8792009665,2016-05-08,0,0.00,0.00,0.00,0.00,0.00,0.00,0.00,0.00,0.00,1440,1688
8877689391,2016-05-08,10686,8.11,0.00,1.08,0.20,6.80,0.00,17.00,4.00,245.00,1174,2847
1503960366,2016-05-09,12022,7.72,0.00,3.45,0.53,3.74,0.00,46.00,11.00,206.00,835,1819
1624580081,2016-05-09,1732,1.13,0.00,0.00,0.00,1.13,0.00,0.00,0.00,91.00,1349,1328
1644430081,2016-05-09,6643,4.83,0.00,2.39,0.35,2.09,0.01,32.00,6.00,303.00,1099,3008
1844505072,2016-05-09,0,0.00,0.00,0.00,0.00,0.00,0.00,0.00,0.00,0.00,1440,1347
1927972279,2016-05-09,0,0.00,0.00,0.00,0.00,0.00,0.00,0.00,0.00,0.00,1440,2063
2022484408,2016-05-09,13379,9.39,0.00,2.12,1.63,5.64,0.00,35.00,47.00,297.00,1061,2709
2026352035,2016-05-09,10685,6.62,0.00,0.00,0.00,6.60,0.00,0.00,0.00,401.00,543,1869
2320127002,2016-05-09,3090,2.08,0.00,0.00,0.00,2.08,0.00,0.00,0.00,145.00,1295,1630
2873212765,2016-05-09,7726,5.19,0.00,0.00,0.00,5.19,0.00,0.00,0.00,345.00,1095,1906
3977333714,2016-05-09,14687,10.08,0.00,0.77,5.60,3.55,0.00,8.00,122.00,151.00,1159,1667
4020332650,2016-05-09,4556,3.27,0.00,0.20,0.12,2.94,0.00,3.00,5.00,173.00,1225,2785
4319703577,2016-05-09,10378,6.96,0.00,0.14,0.56,6.25,0.00,2.00,14.00,374.00,490,2345
4388161847,2016-05-09,10218,7.86,0.00,0.34,0.73,6.79,0.00,6.00,19.00,258.00,1020,3013
4445114986,2016-05-09,5275,3.54,0.00,0.00,0.00,3.54,0.00,0.00,0.00,266.00,641,2281
4558609924,2016-05-09,11451,7.57,0.00,0.43,1.62,5.52,0.00,6.00,30.00,339.00,1065,2223
4702921684,2016-05-09,8232,6.68,0.00,0.00,0.57,6.10,0.00,0.00,12.00,253.00,746,2990
5553957443,2016-05-09,11611,7.58,0.00,2.13,0.89,4.56,0.00,59.00,22.00,251.00,667,2272
5577150313,2016-05-09,3421,2.56,0.00,1.43,0.14,0.99,0.00,34.00,11.00,70.00,1099,2489
6117666160,2016-05-09,4477,3.38,0.00,0.00,0.00,3.38,0.00,0.00,0.00,197.00,125,1248
6290855005,2016-05-09,6277,4.75,0.00,0.00,0.00,4.73,0.02,0.00,0.00,264.00,800,2175
6962181067,2016-05-09,12342,8.72,3.17,3.90,1.18,3.65,0.00,43.00,21.00,231.00,607,2105
7086361926,2016-05-09,13566,9.11,0.00,4.26,1.71,3.12,0.00,67.00,50.00,171.00,743,2960
8053475328,2016-05-09,12465,9.38,0.00,6.12,0.57,2.69,0.00,66.00,12.00,148.00,1214,2765
8378563200,2016-05-09,8382,6.65,2.09,1.27,0.66,4.72,0.00,71.00,13.00,171.00,772,3721
8583815059,2016-05-09,9877,7.70,0.00,5.76,0.17,1.73,0.00,66.00,4.00,110.00,1260,2947
8792009665,2016-05-09,0,0.00,0.00,0.00,0.00,0.00,0.00,0.00,0.00,0.00,1440,1688
8877689391,2016-05-09,20226,18.25,0.00,11.10,0.80,6.24,0.05,73.00,19.00,217.00,1131,3710
1503960366,2016-05-10,12207,7.77,0.00,3.35,1.16,3.26,0.00,46.00,31.00,214.00,746,1859
1624580081,2016-05-10,2969,1.93,0.00,0.00,0.00,1.92,0.01,0.00,0.00,139.00,1301,1393
1644430081,2016-05-10,9167,6.66,0.00,0.88,0.81,4.97,0.01,12.00,19.00,155.00,1254,2799
1844505072,2016-05-10,0,0.00,0.00,0.00,0.00,0.00,0.00,0.00,0.00,0.00,1440,1347
1927972279,2016-05-10,0,0.00,0.00,0.00,0.00,0.00,0.00,0.00,0.00,0.00,1440,2063
2022484408,2016-05-10,12798,8.98,0.00,2.22,1.21,5.56,0.00,57.00,28.00,271.00,1084,2797
2026352035,2016-05-10,254,0.16,0.00,0.00,0.00,0.16,0.00,0.00,0.00,17.00,1002,1141
2320127002,2016-05-10,6227,4.20,0.00,0.00,0.00,4.20,0.00,0.00,0.00,290.00,1150,1899
2873212765,2016-05-10,8275,5.56,0.00,0.00,0.00,5.55,0.01,0.00,0.00,373.00,1067,1962
3977333714,2016-05-10,13072,8.78,0.00,0.07,5.40,3.31,0.00,1.00,115.00,196.00,676,1630
4020332650,2016-05-10,5546,3.98,0.00,0.00,0.00,3.87,0.04,0.00,0.00,206.00,774,2926
4319703577,2016-05-10,9487,6.37,0.00,0.21,0.46,5.70,0.00,3.00,12.00,329.00,555,2260
4388161847,2016-05-10,10299,7.92,0.00,0.81,0.65,6.46,0.00,13.00,14.00,267.00,648,3061
4445114986,2016-05-10,3915,2.63,0.00,0.00,0.00,2.63,0.00,0.00,0.00,231.00,783,2181
4558609924,2016-05-10,6435,4.25,0.00,0.74,1.12,2.39,0.00,11.00,18.00,220.00,1191,1889
4702921684,2016-05-10,10613,8.61,0.00,0.08,1.88,6.65,0.00,1.00,37.00,262.00,701,3172
5553957443,2016-05-10,16358,10.71,0.00,3.87,1.61,5.20,0.00,61.00,40.00,265.00,707,2335
5577150313,2016-05-10,8869,6.65,0.00,2.56,0.75,3.35,0.00,104.00,37.00,194.00,639,3841
6290855005,2016-05-10,0,0.00,0.00,0.00,0.00,0.00,0.00,0.00,0.00,0.00,1440,0
6962181067,2016-05-10,15448,10.21,0.00,3.47,1.75,4.99,0.00,62.00,34.00,275.00,626,2361
7086361926,2016-05-10,14433,10.79,0.00,7.11,1.20,2.45,0.00,72.00,23.00,106.00,1182,2800
8053475328,2016-05-10,14810,11.36,0.00,9.09,0.42,1.85,0.00,96.00,10.00,115.00,1219,2926
8378563200,2016-05-10,6582,5.22,2.25,0.66,0.64,3.92,0.00,63.00,13.00,152.00,840,3586
8583815059,2016-05-10,8240,6.43,0.00,0.69,2.01,3.72,0.00,9.00,43.00,162.00,1226,2846
8792009665,2016-05-10,0,0.00,0.00,0.00,0.00,0.00,0.00,0.00,0.00,0.00,48,57
8877689391,2016-05-10,10733,8.15,0.00,1.35,0.46,6.28,0.00,18.00,11.00,224.00,1187,2832
1503960366,2016-05-11,12770,8.13,0.00,2.56,1.01,4.55,0.00,36.00,23.00,251.00,669,1783
1624580081,2016-05-11,3134,2.04,0.00,0.00,0.00,2.04,0.00,0.00,0.00,112.00,1328,1359
1644430081,2016-05-11,1329,0.97,0.00,0.00,0.00,0.95,0.01,0.00,0.00,49.00,713,1276
1844505072,2016-05-11,0,0.00,0.00,0.00,0.00,0.00,0.00,0.00,0.00,0.00,1440,1347
1927972279,2016-05-11,0,0.00,0.00,0.00,0.00,0.00,0.00,0.00,0.00,0.00,1440,2063
2022484408,2016-05-11,13272,9.32,0.00,4.18,1.15,3.99,0.00,58.00,25.00,224.00,1133,2544
2026352035,2016-05-11,8580,5.32,0.00,0.00,0.00,5.32,0.00,0.00,0.00,330.00,569,1698
2320127002,2016-05-11,6424,4.33,0.00,0.00,0.00,4.33,0.00,0.00,0.00,300.00,1140,1903
2873212765,2016-05-11,6440,4.33,0.00,0.00,0.00,4.32,0.01,0.00,0.00,319.00,1121,1826
3977333714,2016-05-11,746,0.50,0.00,0.37,0.00,0.13,0.00,4.00,0.00,9.00,13,52
4020332650,2016-05-11,3689,2.65,0.00,0.11,0.17,2.33,0.00,2.00,8.00,134.00,1296,2645
4319703577,2016-05-11,9129,6.13,0.00,0.20,0.74,5.18,0.00,3.00,18.00,311.00,574,2232
4388161847,2016-05-11,10201,7.84,0.00,0.53,0.79,6.53,0.00,8.00,18.00,256.00,858,2954
4445114986,2016-05-11,9105,6.11,0.00,2.25,1.00,2.86,0.00,34.00,22.00,232.00,622,2499
4558609924,2016-05-11,9108,6.02,0.00,0.26,1.82,3.94,0.00,4.00,31.00,324.00,1081,2131
4702921684,2016-05-11,9810,7.96,0.00,0.78,2.16,4.98,0.00,10.00,41.00,235.00,784,3069
5553957443,2016-05-11,4926,3.22,0.00,0.00,0.00,3.22,0.00,0.00,0.00,195.00,628,1693
5577150313,2016-05-11,4038,3.04,0.00,1.83,0.30,0.89,0.00,45.00,15.00,63.00,257,1665
6962181067,2016-05-11,6722,4.44,0.00,1.49,0.31,2.65,0.00,24.00,7.00,199.00,709,1855
7086361926,2016-05-11,9572,6.52,0.00,2.89,1.39,2.23,0.00,57.00,40.00,128.00,757,2735
8053475328,2016-05-11,12209,9.40,0.00,6.08,0.28,3.04,0.00,60.00,7.00,184.00,1189,2809
8378563200,2016-05-11,9143,7.25,2.09,1.39,0.59,5.27,0.00,72.00,10.00,184.00,763,3788
8583815059,2016-05-11,8701,6.79,0.00,0.37,3.24,3.17,0.00,5.00,71.00,177.00,1106,2804
8877689391,2016-05-11,21420,19.56,0.00,13.22,0.41,5.89,0.00,88.00,12.00,213.00,1127,3832
1503960366,2016-05-12,0,0.00,0.00,0.00,0.00,0.00,0.00,0.00,0.00,0.00,1440,0
1624580081,2016-05-12,2971,1.93,0.00,0.00,0.00,1.92,0.01,0.00,0.00,107.00,890,1002
1844505072,2016-05-12,0,0.00,0.00,0.00,0.00,0.00,0.00,0.00,0.00,0.00,711,665
1927972279,2016-05-12,0,0.00,0.00,0.00,0.00,0.00,0.00,0.00,0.00,0.00,966,1383
2022484408,2016-05-12,9117,6.41,0.00,1.28,0.67,4.44,0.00,16.00,16.00,236.00,728,1853
2026352035,2016-05-12,8891,5.51,0.00,0.00,0.00,5.51,0.00,0.00,0.00,343.00,330,1364
2320127002,2016-05-12,2661,1.79,0.00,0.00,0.00,1.79,0.00,0.00,0.00,128.00,830,1125
2873212765,2016-05-12,7566,5.11,0.00,0.00,0.00,5.11,0.00,0.00,0.00,268.00,720,1431
4020332650,2016-05-12,590,0.42,0.00,0.00,0.00,0.41,0.00,0.00,0.00,21.00,721,1120
4319703577,2016-05-12,17,0.01,0.00,0.00,0.00,0.01,0.00,0.00,0.00,2.00,0,257
4388161847,2016-05-12,3369,2.59,0.00,0.00,0.00,2.59,0.00,0.00,0.00,108.00,825,1623
4445114986,2016-05-12,768,0.52,0.00,0.00,0.00,0.52,0.00,0.00,0.00,58.00,380,1212
4558609924,2016-05-12,6307,4.17,0.00,0.00,0.00,4.17,0.00,0.00,0.00,247.00,736,1452
4702921684,2016-05-12,2752,2.23,0.00,0.00,0.00,2.23,0.00,0.00,0.00,68.00,241,1240
5553957443,2016-05-12,3121,2.04,0.00,0.58,0.40,1.06,0.00,8.00,6.00,48.00,222,741
6962181067,2016-05-12,3587,2.37,0.00,0.00,0.25,2.11,0.00,0.00,8.00,105.00,127,928
7086361926,2016-05-12,3789,2.56,0.00,0.38,0.27,1.89,0.00,5.00,4.00,58.00,343,1199
8053475328,2016-05-12,4998,3.91,0.00,2.95,0.20,0.76,0.00,28.00,4.00,39.00,839,1505
8378563200,2016-05-12,4561,3.62,0.00,0.65,0.27,2.69,0.00,8.00,6.00,102.00,433,1976
8583815059,2016-05-12,0,0.00,0.00,0.00,0.00,0.00,0.00,0.00,0.00,0.00,1440,0
8877689391,2016-05-12,8064,6.12,0.00,1.82,0.04,4.25,0.00,23.00,1.00,137.00,770,1849